[
  {
    "name": "Process Start",
    "start": 1612618958548,
    "end": 1612618959309,
    "duration": 761,
    "pid": 21788,
    "index": 0
  },
  {
    "name": "Application Start",
    "start": 1612618959309,
    "end": 1612618959995,
    "duration": 686,
    "pid": 21788,
    "index": 1
  },
  {
    "name": "Load Plugin",
    "start": 1612618959313,
    "end": 1612618959329,
    "duration": 16,
    "pid": 21788,
    "index": 2
  },
  {
    "name": "Load Config",
    "start": 1612618959329,
    "end": 1612618959348,
    "duration": 19,
    "pid": 21788,
    "index": 3
  },
  {
    "name": "Require(0) config/config.default.js",
    "start": 1612618959330,
    "end": 1612618959330,
    "duration": 0,
    "pid": 21788,
    "index": 4
  },
  {
    "name": "Require(1) config/config.local.js",
    "start": 1612618959331,
    "end": 1612618959331,
    "duration": 0,
    "pid": 21788,
    "index": 5
  },
  {
    "name": "Require(2) node_modules/egg-session/config/config.default.js",
    "start": 1612618959332,
    "end": 1612618959332,
    "duration": 0,
    "pid": 21788,
    "index": 6
  },
  {
    "name": "Require(3) node_modules/egg-security/config/config.default.js",
    "start": 1612618959333,
    "end": 1612618959333,
    "duration": 0,
    "pid": 21788,
    "index": 7
  },
  {
    "name": "Require(4) node_modules/egg-jsonp/config/config.default.js",
    "start": 1612618959333,
    "end": 1612618959334,
    "duration": 1,
    "pid": 21788,
    "index": 8
  },
  {
    "name": "Require(5) node_modules/egg-onerror/config/config.default.js",
    "start": 1612618959334,
    "end": 1612618959334,
    "duration": 0,
    "pid": 21788,
    "index": 9
  },
  {
    "name": "Require(6) node_modules/egg-i18n/config/config.default.js",
    "start": 1612618959335,
    "end": 1612618959335,
    "duration": 0,
    "pid": 21788,
    "index": 10
  },
  {
    "name": "Require(7) node_modules/egg-watcher/config/config.default.js",
    "start": 1612618959336,
    "end": 1612618959336,
    "duration": 0,
    "pid": 21788,
    "index": 11
  },
  {
    "name": "Require(8) node_modules/egg-schedule/config/config.default.js",
    "start": 1612618959336,
    "end": 1612618959337,
    "duration": 1,
    "pid": 21788,
    "index": 12
  },
  {
    "name": "Require(9) node_modules/egg-multipart/config/config.default.js",
    "start": 1612618959337,
    "end": 1612618959337,
    "duration": 0,
    "pid": 21788,
    "index": 13
  },
  {
    "name": "Require(10) node_modules/egg-development/config/config.default.js",
    "start": 1612618959338,
    "end": 1612618959338,
    "duration": 0,
    "pid": 21788,
    "index": 14
  },
  {
    "name": "Require(11) node_modules/egg-logrotator/config/config.default.js",
    "start": 1612618959339,
    "end": 1612618959339,
    "duration": 0,
    "pid": 21788,
    "index": 15
  },
  {
    "name": "Require(12) node_modules/egg-static/config/config.default.js",
    "start": 1612618959339,
    "end": 1612618959340,
    "duration": 1,
    "pid": 21788,
    "index": 16
  },
  {
    "name": "Require(13) node_modules/egg-view/config/config.default.js",
    "start": 1612618959340,
    "end": 1612618959341,
    "duration": 1,
    "pid": 21788,
    "index": 17
  },
  {
    "name": "Require(14) node_modules/egg-mongoose/config/config.default.js",
    "start": 1612618959341,
    "end": 1612618959341,
    "duration": 0,
    "pid": 21788,
    "index": 18
  },
  {
    "name": "Require(15) node_modules/egg-validate/config/config.default.js",
    "start": 1612618959342,
    "end": 1612618959342,
    "duration": 0,
    "pid": 21788,
    "index": 19
  },
  {
    "name": "Require(16) node_modules/egg-cors/config/config.default.js",
    "start": 1612618959342,
    "end": 1612618959342,
    "duration": 0,
    "pid": 21788,
    "index": 20
  },
  {
    "name": "Require(17) node_modules/egg/config/config.default.js",
    "start": 1612618959343,
    "end": 1612618959343,
    "duration": 0,
    "pid": 21788,
    "index": 21
  },
  {
    "name": "Require(18) config/config.default.js",
    "start": 1612618959344,
    "end": 1612618959344,
    "duration": 0,
    "pid": 21788,
    "index": 22
  },
  {
    "name": "Require(19) node_modules/egg-security/config/config.local.js",
    "start": 1612618959345,
    "end": 1612618959345,
    "duration": 0,
    "pid": 21788,
    "index": 23
  },
  {
    "name": "Require(20) node_modules/egg-watcher/config/config.local.js",
    "start": 1612618959345,
    "end": 1612618959346,
    "duration": 1,
    "pid": 21788,
    "index": 24
  },
  {
    "name": "Require(21) node_modules/egg-view/config/config.local.js",
    "start": 1612618959347,
    "end": 1612618959347,
    "duration": 0,
    "pid": 21788,
    "index": 25
  },
  {
    "name": "Require(22) node_modules/egg/config/config.local.js",
    "start": 1612618959347,
    "end": 1612618959348,
    "duration": 1,
    "pid": 21788,
    "index": 26
  },
  {
    "name": "Require(23) config/config.local.js",
    "start": 1612618959348,
    "end": 1612618959348,
    "duration": 0,
    "pid": 21788,
    "index": 27
  },
  {
    "name": "Load extend/application.js",
    "start": 1612618959349,
    "end": 1612618959403,
    "duration": 54,
    "pid": 21788,
    "index": 28
  },
  {
    "name": "Require(24) node_modules/egg-session/app/extend/application.js",
    "start": 1612618959349,
    "end": 1612618959350,
    "duration": 1,
    "pid": 21788,
    "index": 29
  },
  {
    "name": "Require(25) node_modules/egg-security/app/extend/application.js",
    "start": 1612618959350,
    "end": 1612618959351,
    "duration": 1,
    "pid": 21788,
    "index": 30
  },
  {
    "name": "Require(26) node_modules/egg-jsonp/app/extend/application.js",
    "start": 1612618959351,
    "end": 1612618959352,
    "duration": 1,
    "pid": 21788,
    "index": 31
  },
  {
    "name": "Require(27) node_modules/egg-logrotator/app/extend/application.js",
    "start": 1612618959353,
    "end": 1612618959358,
    "duration": 5,
    "pid": 21788,
    "index": 32
  },
  {
    "name": "Require(28) node_modules/egg-view/app/extend/application.js",
    "start": 1612618959359,
    "end": 1612618959360,
    "duration": 1,
    "pid": 21788,
    "index": 33
  },
  {
    "name": "Require(29) app/extend/application.js",
    "start": 1612618959361,
    "end": 1612618959400,
    "duration": 39,
    "pid": 21788,
    "index": 34
  },
  {
    "name": "Load extend/request.js",
    "start": 1612618959403,
    "end": 1612618959409,
    "duration": 6,
    "pid": 21788,
    "index": 35
  },
  {
    "name": "Require(30) node_modules/egg/app/extend/request.js",
    "start": 1612618959405,
    "end": 1612618959406,
    "duration": 1,
    "pid": 21788,
    "index": 36
  },
  {
    "name": "Load extend/response.js",
    "start": 1612618959409,
    "end": 1612618959414,
    "duration": 5,
    "pid": 21788,
    "index": 37
  },
  {
    "name": "Require(31) node_modules/egg/app/extend/response.js",
    "start": 1612618959411,
    "end": 1612618959412,
    "duration": 1,
    "pid": 21788,
    "index": 38
  },
  {
    "name": "Load extend/context.js",
    "start": 1612618959414,
    "end": 1612618959466,
    "duration": 52,
    "pid": 21788,
    "index": 39
  },
  {
    "name": "Require(32) node_modules/egg-security/app/extend/context.js",
    "start": 1612618959415,
    "end": 1612618959425,
    "duration": 10,
    "pid": 21788,
    "index": 40
  },
  {
    "name": "Require(33) node_modules/egg-jsonp/app/extend/context.js",
    "start": 1612618959426,
    "end": 1612618959427,
    "duration": 1,
    "pid": 21788,
    "index": 41
  },
  {
    "name": "Require(34) node_modules/egg-i18n/app/extend/context.js",
    "start": 1612618959427,
    "end": 1612618959428,
    "duration": 1,
    "pid": 21788,
    "index": 42
  },
  {
    "name": "Require(35) node_modules/egg-multipart/app/extend/context.js",
    "start": 1612618959429,
    "end": 1612618959459,
    "duration": 30,
    "pid": 21788,
    "index": 43
  },
  {
    "name": "Require(36) node_modules/egg-view/app/extend/context.js",
    "start": 1612618959460,
    "end": 1612618959460,
    "duration": 0,
    "pid": 21788,
    "index": 44
  },
  {
    "name": "Require(37) node_modules/egg-mongoose/app/extend/context.js",
    "start": 1612618959461,
    "end": 1612618959461,
    "duration": 0,
    "pid": 21788,
    "index": 45
  },
  {
    "name": "Require(38) node_modules/egg-validate/app/extend/context.js",
    "start": 1612618959461,
    "end": 1612618959461,
    "duration": 0,
    "pid": 21788,
    "index": 46
  },
  {
    "name": "Require(39) node_modules/egg/app/extend/context.js",
    "start": 1612618959462,
    "end": 1612618959463,
    "duration": 1,
    "pid": 21788,
    "index": 47
  },
  {
    "name": "Load extend/helper.js",
    "start": 1612618959466,
    "end": 1612618959497,
    "duration": 31,
    "pid": 21788,
    "index": 48
  },
  {
    "name": "Require(40) node_modules/egg-security/app/extend/helper.js",
    "start": 1612618959467,
    "end": 1612618959480,
    "duration": 13,
    "pid": 21788,
    "index": 49
  },
  {
    "name": "Require(41) node_modules/egg/app/extend/helper.js",
    "start": 1612618959482,
    "end": 1612618959482,
    "duration": 0,
    "pid": 21788,
    "index": 50
  },
  {
    "name": "Require(42) app/extend/helper.js",
    "start": 1612618959482,
    "end": 1612618959494,
    "duration": 12,
    "pid": 21788,
    "index": 51
  },
  {
    "name": "Load app.js",
    "start": 1612618959497,
    "end": 1612618959521,
    "duration": 24,
    "pid": 21788,
    "index": 52
  },
  {
    "name": "Require(43) node_modules/egg-session/app.js",
    "start": 1612618959497,
    "end": 1612618959497,
    "duration": 0,
    "pid": 21788,
    "index": 53
  },
  {
    "name": "Require(44) node_modules/egg-security/app.js",
    "start": 1612618959498,
    "end": 1612618959499,
    "duration": 1,
    "pid": 21788,
    "index": 54
  },
  {
    "name": "Require(45) node_modules/egg-onerror/app.js",
    "start": 1612618959499,
    "end": 1612618959504,
    "duration": 5,
    "pid": 21788,
    "index": 55
  },
  {
    "name": "Require(46) node_modules/egg-i18n/app.js",
    "start": 1612618959504,
    "end": 1612618959511,
    "duration": 7,
    "pid": 21788,
    "index": 56
  },
  {
    "name": "Require(47) node_modules/egg-watcher/app.js",
    "start": 1612618959512,
    "end": 1612618959514,
    "duration": 2,
    "pid": 21788,
    "index": 57
  },
  {
    "name": "Require(48) node_modules/egg-schedule/app.js",
    "start": 1612618959514,
    "end": 1612618959515,
    "duration": 1,
    "pid": 21788,
    "index": 58
  },
  {
    "name": "Require(49) node_modules/egg-multipart/app.js",
    "start": 1612618959516,
    "end": 1612618959516,
    "duration": 0,
    "pid": 21788,
    "index": 59
  },
  {
    "name": "Require(50) node_modules/egg-development/app.js",
    "start": 1612618959516,
    "end": 1612618959517,
    "duration": 1,
    "pid": 21788,
    "index": 60
  },
  {
    "name": "Require(51) node_modules/egg-logrotator/app.js",
    "start": 1612618959517,
    "end": 1612618959517,
    "duration": 0,
    "pid": 21788,
    "index": 61
  },
  {
    "name": "Require(52) node_modules/egg-static/app.js",
    "start": 1612618959517,
    "end": 1612618959517,
    "duration": 0,
    "pid": 21788,
    "index": 62
  },
  {
    "name": "Require(53) node_modules/egg-mongoose/app.js",
    "start": 1612618959518,
    "end": 1612618959518,
    "duration": 0,
    "pid": 21788,
    "index": 63
  },
  {
    "name": "Require(54) node_modules/egg-validate/app.js",
    "start": 1612618959518,
    "end": 1612618959519,
    "duration": 1,
    "pid": 21788,
    "index": 64
  },
  {
    "name": "Require(55) node_modules/egg-cors/app.js",
    "start": 1612618959520,
    "end": 1612618959520,
    "duration": 0,
    "pid": 21788,
    "index": 65
  },
  {
    "name": "Before Start in node_modules/egg-watcher/lib/init.js:15:14",
    "start": 1612618959529,
    "end": 1612618959995,
    "duration": 466,
    "pid": 21788,
    "index": 66
  },
  {
    "name": "Before Start in node_modules/egg-mongoose/lib/mongoose.js:104:7",
    "start": 1612618959850,
    "end": 1612618959993,
    "duration": 143,
    "pid": 21788,
    "index": 67
  },
  {
    "name": "Before Start in node_modules/egg-mongoose/lib/mongoose.js:52:9",
    "start": 1612618959850,
    "end": 1612618959981,
    "duration": 131,
    "pid": 21788,
    "index": 68
  },
  {
    "name": "Load Service",
    "start": 1612618959850,
    "end": 1612618959875,
    "duration": 25,
    "pid": 21788,
    "index": 69
  },
  {
    "name": "Load \"service\" to Context",
    "start": 1612618959850,
    "end": 1612618959875,
    "duration": 25,
    "pid": 21788,
    "index": 70
  },
  {
    "name": "Load Middleware",
    "start": 1612618959875,
    "end": 1612618959953,
    "duration": 78,
    "pid": 21788,
    "index": 71
  },
  {
    "name": "Load \"middlewares\" to Application",
    "start": 1612618959876,
    "end": 1612618959945,
    "duration": 69,
    "pid": 21788,
    "index": 72
  },
  {
    "name": "Load Controller",
    "start": 1612618959953,
    "end": 1612618959956,
    "duration": 3,
    "pid": 21788,
    "index": 73
  },
  {
    "name": "Load \"controller\" to Application",
    "start": 1612618959953,
    "end": 1612618959956,
    "duration": 3,
    "pid": 21788,
    "index": 74
  },
  {
    "name": "Load Router",
    "start": 1612618959956,
    "end": 1612618959959,
    "duration": 3,
    "pid": 21788,
    "index": 75
  },
  {
    "name": "Require(56) app/router.js",
    "start": 1612618959956,
    "end": 1612618959956,
    "duration": 0,
    "pid": 21788,
    "index": 76
  },
  {
    "name": "Before Start in node_modules/egg-core/lib/egg.js:303:10",
    "start": 1612618959957,
    "end": 1612618959981,
    "duration": 24,
    "pid": 21788,
    "index": 77
  },
  {
    "name": "Load \"model\" to Application",
    "start": 1612618959965,
    "end": 1612618959980,
    "duration": 15,
    "pid": 21788,
    "index": 78
  }
]