[
  {
    "name": "Process Start",
    "start": 1612619099588,
    "end": 1612619100358,
    "duration": 770,
    "pid": 25972,
    "index": 0
  },
  {
    "name": "Application Start",
    "start": 1612619100359,
    "end": 1612619101057,
    "duration": 698,
    "pid": 25972,
    "index": 1
  },
  {
    "name": "Load Plugin",
    "start": 1612619100363,
    "end": 1612619100379,
    "duration": 16,
    "pid": 25972,
    "index": 2
  },
  {
    "name": "Load Config",
    "start": 1612619100379,
    "end": 1612619100397,
    "duration": 18,
    "pid": 25972,
    "index": 3
  },
  {
    "name": "Require(0) config/config.default.js",
    "start": 1612619100379,
    "end": 1612619100379,
    "duration": 0,
    "pid": 25972,
    "index": 4
  },
  {
    "name": "Require(1) config/config.local.js",
    "start": 1612619100380,
    "end": 1612619100381,
    "duration": 1,
    "pid": 25972,
    "index": 5
  },
  {
    "name": "Require(2) node_modules/egg-session/config/config.default.js",
    "start": 1612619100381,
    "end": 1612619100382,
    "duration": 1,
    "pid": 25972,
    "index": 6
  },
  {
    "name": "Require(3) node_modules/egg-security/config/config.default.js",
    "start": 1612619100382,
    "end": 1612619100382,
    "duration": 0,
    "pid": 25972,
    "index": 7
  },
  {
    "name": "Require(4) node_modules/egg-jsonp/config/config.default.js",
    "start": 1612619100383,
    "end": 1612619100383,
    "duration": 0,
    "pid": 25972,
    "index": 8
  },
  {
    "name": "Require(5) node_modules/egg-onerror/config/config.default.js",
    "start": 1612619100384,
    "end": 1612619100384,
    "duration": 0,
    "pid": 25972,
    "index": 9
  },
  {
    "name": "Require(6) node_modules/egg-i18n/config/config.default.js",
    "start": 1612619100384,
    "end": 1612619100385,
    "duration": 1,
    "pid": 25972,
    "index": 10
  },
  {
    "name": "Require(7) node_modules/egg-watcher/config/config.default.js",
    "start": 1612619100385,
    "end": 1612619100386,
    "duration": 1,
    "pid": 25972,
    "index": 11
  },
  {
    "name": "Require(8) node_modules/egg-schedule/config/config.default.js",
    "start": 1612619100386,
    "end": 1612619100386,
    "duration": 0,
    "pid": 25972,
    "index": 12
  },
  {
    "name": "Require(9) node_modules/egg-multipart/config/config.default.js",
    "start": 1612619100387,
    "end": 1612619100387,
    "duration": 0,
    "pid": 25972,
    "index": 13
  },
  {
    "name": "Require(10) node_modules/egg-development/config/config.default.js",
    "start": 1612619100388,
    "end": 1612619100388,
    "duration": 0,
    "pid": 25972,
    "index": 14
  },
  {
    "name": "Require(11) node_modules/egg-logrotator/config/config.default.js",
    "start": 1612619100388,
    "end": 1612619100389,
    "duration": 1,
    "pid": 25972,
    "index": 15
  },
  {
    "name": "Require(12) node_modules/egg-static/config/config.default.js",
    "start": 1612619100389,
    "end": 1612619100389,
    "duration": 0,
    "pid": 25972,
    "index": 16
  },
  {
    "name": "Require(13) node_modules/egg-view/config/config.default.js",
    "start": 1612619100390,
    "end": 1612619100390,
    "duration": 0,
    "pid": 25972,
    "index": 17
  },
  {
    "name": "Require(14) node_modules/egg-mongoose/config/config.default.js",
    "start": 1612619100390,
    "end": 1612619100391,
    "duration": 1,
    "pid": 25972,
    "index": 18
  },
  {
    "name": "Require(15) node_modules/egg-validate/config/config.default.js",
    "start": 1612619100391,
    "end": 1612619100391,
    "duration": 0,
    "pid": 25972,
    "index": 19
  },
  {
    "name": "Require(16) node_modules/egg-cors/config/config.default.js",
    "start": 1612619100392,
    "end": 1612619100392,
    "duration": 0,
    "pid": 25972,
    "index": 20
  },
  {
    "name": "Require(17) node_modules/egg/config/config.default.js",
    "start": 1612619100392,
    "end": 1612619100393,
    "duration": 1,
    "pid": 25972,
    "index": 21
  },
  {
    "name": "Require(18) config/config.default.js",
    "start": 1612619100394,
    "end": 1612619100394,
    "duration": 0,
    "pid": 25972,
    "index": 22
  },
  {
    "name": "Require(19) node_modules/egg-security/config/config.local.js",
    "start": 1612619100394,
    "end": 1612619100394,
    "duration": 0,
    "pid": 25972,
    "index": 23
  },
  {
    "name": "Require(20) node_modules/egg-watcher/config/config.local.js",
    "start": 1612619100395,
    "end": 1612619100395,
    "duration": 0,
    "pid": 25972,
    "index": 24
  },
  {
    "name": "Require(21) node_modules/egg-view/config/config.local.js",
    "start": 1612619100396,
    "end": 1612619100396,
    "duration": 0,
    "pid": 25972,
    "index": 25
  },
  {
    "name": "Require(22) node_modules/egg/config/config.local.js",
    "start": 1612619100397,
    "end": 1612619100397,
    "duration": 0,
    "pid": 25972,
    "index": 26
  },
  {
    "name": "Require(23) config/config.local.js",
    "start": 1612619100397,
    "end": 1612619100397,
    "duration": 0,
    "pid": 25972,
    "index": 27
  },
  {
    "name": "Load extend/application.js",
    "start": 1612619100398,
    "end": 1612619100454,
    "duration": 56,
    "pid": 25972,
    "index": 28
  },
  {
    "name": "Require(24) node_modules/egg-session/app/extend/application.js",
    "start": 1612619100399,
    "end": 1612619100399,
    "duration": 0,
    "pid": 25972,
    "index": 29
  },
  {
    "name": "Require(25) node_modules/egg-security/app/extend/application.js",
    "start": 1612619100400,
    "end": 1612619100401,
    "duration": 1,
    "pid": 25972,
    "index": 30
  },
  {
    "name": "Require(26) node_modules/egg-jsonp/app/extend/application.js",
    "start": 1612619100401,
    "end": 1612619100402,
    "duration": 1,
    "pid": 25972,
    "index": 31
  },
  {
    "name": "Require(27) node_modules/egg-logrotator/app/extend/application.js",
    "start": 1612619100403,
    "end": 1612619100408,
    "duration": 5,
    "pid": 25972,
    "index": 32
  },
  {
    "name": "Require(28) node_modules/egg-view/app/extend/application.js",
    "start": 1612619100409,
    "end": 1612619100410,
    "duration": 1,
    "pid": 25972,
    "index": 33
  },
  {
    "name": "Require(29) app/extend/application.js",
    "start": 1612619100410,
    "end": 1612619100452,
    "duration": 42,
    "pid": 25972,
    "index": 34
  },
  {
    "name": "Load extend/request.js",
    "start": 1612619100454,
    "end": 1612619100460,
    "duration": 6,
    "pid": 25972,
    "index": 35
  },
  {
    "name": "Require(30) node_modules/egg/app/extend/request.js",
    "start": 1612619100457,
    "end": 1612619100458,
    "duration": 1,
    "pid": 25972,
    "index": 36
  },
  {
    "name": "Load extend/response.js",
    "start": 1612619100460,
    "end": 1612619100467,
    "duration": 7,
    "pid": 25972,
    "index": 37
  },
  {
    "name": "Require(31) node_modules/egg/app/extend/response.js",
    "start": 1612619100462,
    "end": 1612619100464,
    "duration": 2,
    "pid": 25972,
    "index": 38
  },
  {
    "name": "Load extend/context.js",
    "start": 1612619100467,
    "end": 1612619100518,
    "duration": 51,
    "pid": 25972,
    "index": 39
  },
  {
    "name": "Require(32) node_modules/egg-security/app/extend/context.js",
    "start": 1612619100467,
    "end": 1612619100478,
    "duration": 11,
    "pid": 25972,
    "index": 40
  },
  {
    "name": "Require(33) node_modules/egg-jsonp/app/extend/context.js",
    "start": 1612619100478,
    "end": 1612619100479,
    "duration": 1,
    "pid": 25972,
    "index": 41
  },
  {
    "name": "Require(34) node_modules/egg-i18n/app/extend/context.js",
    "start": 1612619100479,
    "end": 1612619100480,
    "duration": 1,
    "pid": 25972,
    "index": 42
  },
  {
    "name": "Require(35) node_modules/egg-multipart/app/extend/context.js",
    "start": 1612619100480,
    "end": 1612619100511,
    "duration": 31,
    "pid": 25972,
    "index": 43
  },
  {
    "name": "Require(36) node_modules/egg-view/app/extend/context.js",
    "start": 1612619100512,
    "end": 1612619100512,
    "duration": 0,
    "pid": 25972,
    "index": 44
  },
  {
    "name": "Require(37) node_modules/egg-mongoose/app/extend/context.js",
    "start": 1612619100513,
    "end": 1612619100513,
    "duration": 0,
    "pid": 25972,
    "index": 45
  },
  {
    "name": "Require(38) node_modules/egg-validate/app/extend/context.js",
    "start": 1612619100513,
    "end": 1612619100513,
    "duration": 0,
    "pid": 25972,
    "index": 46
  },
  {
    "name": "Require(39) node_modules/egg/app/extend/context.js",
    "start": 1612619100514,
    "end": 1612619100515,
    "duration": 1,
    "pid": 25972,
    "index": 47
  },
  {
    "name": "Load extend/helper.js",
    "start": 1612619100518,
    "end": 1612619100549,
    "duration": 31,
    "pid": 25972,
    "index": 48
  },
  {
    "name": "Require(40) node_modules/egg-security/app/extend/helper.js",
    "start": 1612619100518,
    "end": 1612619100532,
    "duration": 14,
    "pid": 25972,
    "index": 49
  },
  {
    "name": "Require(41) node_modules/egg/app/extend/helper.js",
    "start": 1612619100534,
    "end": 1612619100534,
    "duration": 0,
    "pid": 25972,
    "index": 50
  },
  {
    "name": "Require(42) app/extend/helper.js",
    "start": 1612619100534,
    "end": 1612619100546,
    "duration": 12,
    "pid": 25972,
    "index": 51
  },
  {
    "name": "Load app.js",
    "start": 1612619100549,
    "end": 1612619100573,
    "duration": 24,
    "pid": 25972,
    "index": 52
  },
  {
    "name": "Require(43) node_modules/egg-session/app.js",
    "start": 1612619100549,
    "end": 1612619100550,
    "duration": 1,
    "pid": 25972,
    "index": 53
  },
  {
    "name": "Require(44) node_modules/egg-security/app.js",
    "start": 1612619100550,
    "end": 1612619100551,
    "duration": 1,
    "pid": 25972,
    "index": 54
  },
  {
    "name": "Require(45) node_modules/egg-onerror/app.js",
    "start": 1612619100551,
    "end": 1612619100556,
    "duration": 5,
    "pid": 25972,
    "index": 55
  },
  {
    "name": "Require(46) node_modules/egg-i18n/app.js",
    "start": 1612619100557,
    "end": 1612619100564,
    "duration": 7,
    "pid": 25972,
    "index": 56
  },
  {
    "name": "Require(47) node_modules/egg-watcher/app.js",
    "start": 1612619100564,
    "end": 1612619100566,
    "duration": 2,
    "pid": 25972,
    "index": 57
  },
  {
    "name": "Require(48) node_modules/egg-schedule/app.js",
    "start": 1612619100567,
    "end": 1612619100568,
    "duration": 1,
    "pid": 25972,
    "index": 58
  },
  {
    "name": "Require(49) node_modules/egg-multipart/app.js",
    "start": 1612619100568,
    "end": 1612619100568,
    "duration": 0,
    "pid": 25972,
    "index": 59
  },
  {
    "name": "Require(50) node_modules/egg-development/app.js",
    "start": 1612619100568,
    "end": 1612619100569,
    "duration": 1,
    "pid": 25972,
    "index": 60
  },
  {
    "name": "Require(51) node_modules/egg-logrotator/app.js",
    "start": 1612619100569,
    "end": 1612619100569,
    "duration": 0,
    "pid": 25972,
    "index": 61
  },
  {
    "name": "Require(52) node_modules/egg-static/app.js",
    "start": 1612619100569,
    "end": 1612619100569,
    "duration": 0,
    "pid": 25972,
    "index": 62
  },
  {
    "name": "Require(53) node_modules/egg-mongoose/app.js",
    "start": 1612619100570,
    "end": 1612619100570,
    "duration": 0,
    "pid": 25972,
    "index": 63
  },
  {
    "name": "Require(54) node_modules/egg-validate/app.js",
    "start": 1612619100570,
    "end": 1612619100572,
    "duration": 2,
    "pid": 25972,
    "index": 64
  },
  {
    "name": "Require(55) node_modules/egg-cors/app.js",
    "start": 1612619100572,
    "end": 1612619100573,
    "duration": 1,
    "pid": 25972,
    "index": 65
  },
  {
    "name": "Before Start in node_modules/egg-watcher/lib/init.js:15:14",
    "start": 1612619100582,
    "end": 1612619101057,
    "duration": 475,
    "pid": 25972,
    "index": 66
  },
  {
    "name": "Before Start in node_modules/egg-mongoose/lib/mongoose.js:104:7",
    "start": 1612619100906,
    "end": 1612619101055,
    "duration": 149,
    "pid": 25972,
    "index": 67
  },
  {
    "name": "Before Start in node_modules/egg-mongoose/lib/mongoose.js:52:9",
    "start": 1612619100906,
    "end": 1612619101042,
    "duration": 136,
    "pid": 25972,
    "index": 68
  },
  {
    "name": "Load Service",
    "start": 1612619100907,
    "end": 1612619100932,
    "duration": 25,
    "pid": 25972,
    "index": 69
  },
  {
    "name": "Load \"service\" to Context",
    "start": 1612619100907,
    "end": 1612619100932,
    "duration": 25,
    "pid": 25972,
    "index": 70
  },
  {
    "name": "Load Middleware",
    "start": 1612619100932,
    "end": 1612619101012,
    "duration": 80,
    "pid": 25972,
    "index": 71
  },
  {
    "name": "Load \"middlewares\" to Application",
    "start": 1612619100932,
    "end": 1612619101003,
    "duration": 71,
    "pid": 25972,
    "index": 72
  },
  {
    "name": "Load Controller",
    "start": 1612619101012,
    "end": 1612619101016,
    "duration": 4,
    "pid": 25972,
    "index": 73
  },
  {
    "name": "Load \"controller\" to Application",
    "start": 1612619101012,
    "end": 1612619101016,
    "duration": 4,
    "pid": 25972,
    "index": 74
  },
  {
    "name": "Load Router",
    "start": 1612619101016,
    "end": 1612619101018,
    "duration": 2,
    "pid": 25972,
    "index": 75
  },
  {
    "name": "Require(56) app/router.js",
    "start": 1612619101016,
    "end": 1612619101016,
    "duration": 0,
    "pid": 25972,
    "index": 76
  },
  {
    "name": "Before Start in node_modules/egg-core/lib/egg.js:303:10",
    "start": 1612619101016,
    "end": 1612619101042,
    "duration": 26,
    "pid": 25972,
    "index": 77
  },
  {
    "name": "Load \"model\" to Application",
    "start": 1612619101025,
    "end": 1612619101042,
    "duration": 17,
    "pid": 25972,
    "index": 78
  }
]