[
  {
    "name": "Process Start",
    "start": 1612619195041,
    "end": 1612619195799,
    "duration": 758,
    "pid": 28604,
    "index": 0
  },
  {
    "name": "Application Start",
    "start": 1612619195800,
    "end": 1612619196503,
    "duration": 703,
    "pid": 28604,
    "index": 1
  },
  {
    "name": "Load Plugin",
    "start": 1612619195803,
    "end": 1612619195819,
    "duration": 16,
    "pid": 28604,
    "index": 2
  },
  {
    "name": "Load Config",
    "start": 1612619195819,
    "end": 1612619195839,
    "duration": 20,
    "pid": 28604,
    "index": 3
  },
  {
    "name": "Require(0) config/config.default.js",
    "start": 1612619195820,
    "end": 1612619195820,
    "duration": 0,
    "pid": 28604,
    "index": 4
  },
  {
    "name": "Require(1) config/config.local.js",
    "start": 1612619195821,
    "end": 1612619195822,
    "duration": 1,
    "pid": 28604,
    "index": 5
  },
  {
    "name": "Require(2) node_modules/egg-session/config/config.default.js",
    "start": 1612619195822,
    "end": 1612619195822,
    "duration": 0,
    "pid": 28604,
    "index": 6
  },
  {
    "name": "Require(3) node_modules/egg-security/config/config.default.js",
    "start": 1612619195823,
    "end": 1612619195823,
    "duration": 0,
    "pid": 28604,
    "index": 7
  },
  {
    "name": "Require(4) node_modules/egg-jsonp/config/config.default.js",
    "start": 1612619195824,
    "end": 1612619195824,
    "duration": 0,
    "pid": 28604,
    "index": 8
  },
  {
    "name": "Require(5) node_modules/egg-onerror/config/config.default.js",
    "start": 1612619195825,
    "end": 1612619195825,
    "duration": 0,
    "pid": 28604,
    "index": 9
  },
  {
    "name": "Require(6) node_modules/egg-i18n/config/config.default.js",
    "start": 1612619195825,
    "end": 1612619195826,
    "duration": 1,
    "pid": 28604,
    "index": 10
  },
  {
    "name": "Require(7) node_modules/egg-watcher/config/config.default.js",
    "start": 1612619195826,
    "end": 1612619195827,
    "duration": 1,
    "pid": 28604,
    "index": 11
  },
  {
    "name": "Require(8) node_modules/egg-schedule/config/config.default.js",
    "start": 1612619195827,
    "end": 1612619195827,
    "duration": 0,
    "pid": 28604,
    "index": 12
  },
  {
    "name": "Require(9) node_modules/egg-multipart/config/config.default.js",
    "start": 1612619195828,
    "end": 1612619195828,
    "duration": 0,
    "pid": 28604,
    "index": 13
  },
  {
    "name": "Require(10) node_modules/egg-development/config/config.default.js",
    "start": 1612619195829,
    "end": 1612619195829,
    "duration": 0,
    "pid": 28604,
    "index": 14
  },
  {
    "name": "Require(11) node_modules/egg-logrotator/config/config.default.js",
    "start": 1612619195829,
    "end": 1612619195830,
    "duration": 1,
    "pid": 28604,
    "index": 15
  },
  {
    "name": "Require(12) node_modules/egg-static/config/config.default.js",
    "start": 1612619195830,
    "end": 1612619195830,
    "duration": 0,
    "pid": 28604,
    "index": 16
  },
  {
    "name": "Require(13) node_modules/egg-view/config/config.default.js",
    "start": 1612619195831,
    "end": 1612619195831,
    "duration": 0,
    "pid": 28604,
    "index": 17
  },
  {
    "name": "Require(14) node_modules/egg-mongoose/config/config.default.js",
    "start": 1612619195831,
    "end": 1612619195832,
    "duration": 1,
    "pid": 28604,
    "index": 18
  },
  {
    "name": "Require(15) node_modules/egg-validate/config/config.default.js",
    "start": 1612619195832,
    "end": 1612619195832,
    "duration": 0,
    "pid": 28604,
    "index": 19
  },
  {
    "name": "Require(16) node_modules/egg-cors/config/config.default.js",
    "start": 1612619195833,
    "end": 1612619195833,
    "duration": 0,
    "pid": 28604,
    "index": 20
  },
  {
    "name": "Require(17) node_modules/egg/config/config.default.js",
    "start": 1612619195833,
    "end": 1612619195834,
    "duration": 1,
    "pid": 28604,
    "index": 21
  },
  {
    "name": "Require(18) config/config.default.js",
    "start": 1612619195835,
    "end": 1612619195835,
    "duration": 0,
    "pid": 28604,
    "index": 22
  },
  {
    "name": "Require(19) node_modules/egg-security/config/config.local.js",
    "start": 1612619195835,
    "end": 1612619195835,
    "duration": 0,
    "pid": 28604,
    "index": 23
  },
  {
    "name": "Require(20) node_modules/egg-watcher/config/config.local.js",
    "start": 1612619195836,
    "end": 1612619195836,
    "duration": 0,
    "pid": 28604,
    "index": 24
  },
  {
    "name": "Require(21) node_modules/egg-view/config/config.local.js",
    "start": 1612619195837,
    "end": 1612619195837,
    "duration": 0,
    "pid": 28604,
    "index": 25
  },
  {
    "name": "Require(22) node_modules/egg/config/config.local.js",
    "start": 1612619195838,
    "end": 1612619195838,
    "duration": 0,
    "pid": 28604,
    "index": 26
  },
  {
    "name": "Require(23) config/config.local.js",
    "start": 1612619195838,
    "end": 1612619195838,
    "duration": 0,
    "pid": 28604,
    "index": 27
  },
  {
    "name": "Load extend/application.js",
    "start": 1612619195840,
    "end": 1612619195895,
    "duration": 55,
    "pid": 28604,
    "index": 28
  },
  {
    "name": "Require(24) node_modules/egg-session/app/extend/application.js",
    "start": 1612619195840,
    "end": 1612619195840,
    "duration": 0,
    "pid": 28604,
    "index": 29
  },
  {
    "name": "Require(25) node_modules/egg-security/app/extend/application.js",
    "start": 1612619195841,
    "end": 1612619195841,
    "duration": 0,
    "pid": 28604,
    "index": 30
  },
  {
    "name": "Require(26) node_modules/egg-jsonp/app/extend/application.js",
    "start": 1612619195842,
    "end": 1612619195843,
    "duration": 1,
    "pid": 28604,
    "index": 31
  },
  {
    "name": "Require(27) node_modules/egg-logrotator/app/extend/application.js",
    "start": 1612619195844,
    "end": 1612619195849,
    "duration": 5,
    "pid": 28604,
    "index": 32
  },
  {
    "name": "Require(28) node_modules/egg-view/app/extend/application.js",
    "start": 1612619195850,
    "end": 1612619195851,
    "duration": 1,
    "pid": 28604,
    "index": 33
  },
  {
    "name": "Require(29) app/extend/application.js",
    "start": 1612619195852,
    "end": 1612619195892,
    "duration": 40,
    "pid": 28604,
    "index": 34
  },
  {
    "name": "Load extend/request.js",
    "start": 1612619195895,
    "end": 1612619195900,
    "duration": 5,
    "pid": 28604,
    "index": 35
  },
  {
    "name": "Require(30) node_modules/egg/app/extend/request.js",
    "start": 1612619195897,
    "end": 1612619195898,
    "duration": 1,
    "pid": 28604,
    "index": 36
  },
  {
    "name": "Load extend/response.js",
    "start": 1612619195900,
    "end": 1612619195907,
    "duration": 7,
    "pid": 28604,
    "index": 37
  },
  {
    "name": "Require(31) node_modules/egg/app/extend/response.js",
    "start": 1612619195903,
    "end": 1612619195904,
    "duration": 1,
    "pid": 28604,
    "index": 38
  },
  {
    "name": "Load extend/context.js",
    "start": 1612619195907,
    "end": 1612619195957,
    "duration": 50,
    "pid": 28604,
    "index": 39
  },
  {
    "name": "Require(32) node_modules/egg-security/app/extend/context.js",
    "start": 1612619195907,
    "end": 1612619195918,
    "duration": 11,
    "pid": 28604,
    "index": 40
  },
  {
    "name": "Require(33) node_modules/egg-jsonp/app/extend/context.js",
    "start": 1612619195918,
    "end": 1612619195919,
    "duration": 1,
    "pid": 28604,
    "index": 41
  },
  {
    "name": "Require(34) node_modules/egg-i18n/app/extend/context.js",
    "start": 1612619195919,
    "end": 1612619195919,
    "duration": 0,
    "pid": 28604,
    "index": 42
  },
  {
    "name": "Require(35) node_modules/egg-multipart/app/extend/context.js",
    "start": 1612619195920,
    "end": 1612619195951,
    "duration": 31,
    "pid": 28604,
    "index": 43
  },
  {
    "name": "Require(36) node_modules/egg-view/app/extend/context.js",
    "start": 1612619195951,
    "end": 1612619195952,
    "duration": 1,
    "pid": 28604,
    "index": 44
  },
  {
    "name": "Require(37) node_modules/egg-mongoose/app/extend/context.js",
    "start": 1612619195952,
    "end": 1612619195953,
    "duration": 1,
    "pid": 28604,
    "index": 45
  },
  {
    "name": "Require(38) node_modules/egg-validate/app/extend/context.js",
    "start": 1612619195953,
    "end": 1612619195953,
    "duration": 0,
    "pid": 28604,
    "index": 46
  },
  {
    "name": "Require(39) node_modules/egg/app/extend/context.js",
    "start": 1612619195954,
    "end": 1612619195954,
    "duration": 0,
    "pid": 28604,
    "index": 47
  },
  {
    "name": "Load extend/helper.js",
    "start": 1612619195957,
    "end": 1612619195987,
    "duration": 30,
    "pid": 28604,
    "index": 48
  },
  {
    "name": "Require(40) node_modules/egg-security/app/extend/helper.js",
    "start": 1612619195957,
    "end": 1612619195971,
    "duration": 14,
    "pid": 28604,
    "index": 49
  },
  {
    "name": "Require(41) node_modules/egg/app/extend/helper.js",
    "start": 1612619195973,
    "end": 1612619195973,
    "duration": 0,
    "pid": 28604,
    "index": 50
  },
  {
    "name": "Require(42) app/extend/helper.js",
    "start": 1612619195973,
    "end": 1612619195985,
    "duration": 12,
    "pid": 28604,
    "index": 51
  },
  {
    "name": "Load app.js",
    "start": 1612619195988,
    "end": 1612619196011,
    "duration": 23,
    "pid": 28604,
    "index": 52
  },
  {
    "name": "Require(43) node_modules/egg-session/app.js",
    "start": 1612619195988,
    "end": 1612619195988,
    "duration": 0,
    "pid": 28604,
    "index": 53
  },
  {
    "name": "Require(44) node_modules/egg-security/app.js",
    "start": 1612619195988,
    "end": 1612619195989,
    "duration": 1,
    "pid": 28604,
    "index": 54
  },
  {
    "name": "Require(45) node_modules/egg-onerror/app.js",
    "start": 1612619195990,
    "end": 1612619195995,
    "duration": 5,
    "pid": 28604,
    "index": 55
  },
  {
    "name": "Require(46) node_modules/egg-i18n/app.js",
    "start": 1612619195995,
    "end": 1612619196003,
    "duration": 8,
    "pid": 28604,
    "index": 56
  },
  {
    "name": "Require(47) node_modules/egg-watcher/app.js",
    "start": 1612619196003,
    "end": 1612619196005,
    "duration": 2,
    "pid": 28604,
    "index": 57
  },
  {
    "name": "Require(48) node_modules/egg-schedule/app.js",
    "start": 1612619196005,
    "end": 1612619196006,
    "duration": 1,
    "pid": 28604,
    "index": 58
  },
  {
    "name": "Require(49) node_modules/egg-multipart/app.js",
    "start": 1612619196007,
    "end": 1612619196007,
    "duration": 0,
    "pid": 28604,
    "index": 59
  },
  {
    "name": "Require(50) node_modules/egg-development/app.js",
    "start": 1612619196007,
    "end": 1612619196007,
    "duration": 0,
    "pid": 28604,
    "index": 60
  },
  {
    "name": "Require(51) node_modules/egg-logrotator/app.js",
    "start": 1612619196008,
    "end": 1612619196008,
    "duration": 0,
    "pid": 28604,
    "index": 61
  },
  {
    "name": "Require(52) node_modules/egg-static/app.js",
    "start": 1612619196008,
    "end": 1612619196008,
    "duration": 0,
    "pid": 28604,
    "index": 62
  },
  {
    "name": "Require(53) node_modules/egg-mongoose/app.js",
    "start": 1612619196009,
    "end": 1612619196009,
    "duration": 0,
    "pid": 28604,
    "index": 63
  },
  {
    "name": "Require(54) node_modules/egg-validate/app.js",
    "start": 1612619196009,
    "end": 1612619196010,
    "duration": 1,
    "pid": 28604,
    "index": 64
  },
  {
    "name": "Require(55) node_modules/egg-cors/app.js",
    "start": 1612619196011,
    "end": 1612619196011,
    "duration": 0,
    "pid": 28604,
    "index": 65
  },
  {
    "name": "Before Start in node_modules/egg-watcher/lib/init.js:15:14",
    "start": 1612619196019,
    "end": 1612619196503,
    "duration": 484,
    "pid": 28604,
    "index": 66
  },
  {
    "name": "Before Start in node_modules/egg-mongoose/lib/mongoose.js:104:7",
    "start": 1612619196352,
    "end": 1612619196501,
    "duration": 149,
    "pid": 28604,
    "index": 67
  },
  {
    "name": "Before Start in node_modules/egg-mongoose/lib/mongoose.js:52:9",
    "start": 1612619196352,
    "end": 1612619196489,
    "duration": 137,
    "pid": 28604,
    "index": 68
  },
  {
    "name": "Load Service",
    "start": 1612619196352,
    "end": 1612619196380,
    "duration": 28,
    "pid": 28604,
    "index": 69
  },
  {
    "name": "Load \"service\" to Context",
    "start": 1612619196352,
    "end": 1612619196380,
    "duration": 28,
    "pid": 28604,
    "index": 70
  },
  {
    "name": "Load Middleware",
    "start": 1612619196381,
    "end": 1612619196460,
    "duration": 79,
    "pid": 28604,
    "index": 71
  },
  {
    "name": "Load \"middlewares\" to Application",
    "start": 1612619196381,
    "end": 1612619196452,
    "duration": 71,
    "pid": 28604,
    "index": 72
  },
  {
    "name": "Load Controller",
    "start": 1612619196460,
    "end": 1612619196463,
    "duration": 3,
    "pid": 28604,
    "index": 73
  },
  {
    "name": "Load \"controller\" to Application",
    "start": 1612619196460,
    "end": 1612619196463,
    "duration": 3,
    "pid": 28604,
    "index": 74
  },
  {
    "name": "Load Router",
    "start": 1612619196463,
    "end": 1612619196466,
    "duration": 3,
    "pid": 28604,
    "index": 75
  },
  {
    "name": "Require(56) app/router.js",
    "start": 1612619196463,
    "end": 1612619196464,
    "duration": 1,
    "pid": 28604,
    "index": 76
  },
  {
    "name": "Before Start in node_modules/egg-core/lib/egg.js:303:10",
    "start": 1612619196464,
    "end": 1612619196489,
    "duration": 25,
    "pid": 28604,
    "index": 77
  },
  {
    "name": "Load \"model\" to Application",
    "start": 1612619196473,
    "end": 1612619196488,
    "duration": 15,
    "pid": 28604,
    "index": 78
  }
]