[
  {
    "name": "Process Start",
    "start": 1612618613655,
    "end": 1612618614420,
    "duration": 765,
    "pid": 26796,
    "index": 0
  },
  {
    "name": "Application Start",
    "start": 1612618614421,
    "end": 1612618615119,
    "duration": 698,
    "pid": 26796,
    "index": 1
  },
  {
    "name": "Load Plugin",
    "start": 1612618614425,
    "end": 1612618614441,
    "duration": 16,
    "pid": 26796,
    "index": 2
  },
  {
    "name": "Load Config",
    "start": 1612618614442,
    "end": 1612618614461,
    "duration": 19,
    "pid": 26796,
    "index": 3
  },
  {
    "name": "Require(0) config/config.default.js",
    "start": 1612618614442,
    "end": 1612618614442,
    "duration": 0,
    "pid": 26796,
    "index": 4
  },
  {
    "name": "Require(1) config/config.local.js",
    "start": 1612618614443,
    "end": 1612618614444,
    "duration": 1,
    "pid": 26796,
    "index": 5
  },
  {
    "name": "Require(2) node_modules/egg-session/config/config.default.js",
    "start": 1612618614444,
    "end": 1612618614445,
    "duration": 1,
    "pid": 26796,
    "index": 6
  },
  {
    "name": "Require(3) node_modules/egg-security/config/config.default.js",
    "start": 1612618614445,
    "end": 1612618614445,
    "duration": 0,
    "pid": 26796,
    "index": 7
  },
  {
    "name": "Require(4) node_modules/egg-jsonp/config/config.default.js",
    "start": 1612618614446,
    "end": 1612618614446,
    "duration": 0,
    "pid": 26796,
    "index": 8
  },
  {
    "name": "Require(5) node_modules/egg-onerror/config/config.default.js",
    "start": 1612618614447,
    "end": 1612618614447,
    "duration": 0,
    "pid": 26796,
    "index": 9
  },
  {
    "name": "Require(6) node_modules/egg-i18n/config/config.default.js",
    "start": 1612618614447,
    "end": 1612618614448,
    "duration": 1,
    "pid": 26796,
    "index": 10
  },
  {
    "name": "Require(7) node_modules/egg-watcher/config/config.default.js",
    "start": 1612618614448,
    "end": 1612618614449,
    "duration": 1,
    "pid": 26796,
    "index": 11
  },
  {
    "name": "Require(8) node_modules/egg-schedule/config/config.default.js",
    "start": 1612618614449,
    "end": 1612618614449,
    "duration": 0,
    "pid": 26796,
    "index": 12
  },
  {
    "name": "Require(9) node_modules/egg-multipart/config/config.default.js",
    "start": 1612618614450,
    "end": 1612618614450,
    "duration": 0,
    "pid": 26796,
    "index": 13
  },
  {
    "name": "Require(10) node_modules/egg-development/config/config.default.js",
    "start": 1612618614451,
    "end": 1612618614451,
    "duration": 0,
    "pid": 26796,
    "index": 14
  },
  {
    "name": "Require(11) node_modules/egg-logrotator/config/config.default.js",
    "start": 1612618614451,
    "end": 1612618614452,
    "duration": 1,
    "pid": 26796,
    "index": 15
  },
  {
    "name": "Require(12) node_modules/egg-static/config/config.default.js",
    "start": 1612618614452,
    "end": 1612618614452,
    "duration": 0,
    "pid": 26796,
    "index": 16
  },
  {
    "name": "Require(13) node_modules/egg-view/config/config.default.js",
    "start": 1612618614453,
    "end": 1612618614453,
    "duration": 0,
    "pid": 26796,
    "index": 17
  },
  {
    "name": "Require(14) node_modules/egg-mongoose/config/config.default.js",
    "start": 1612618614454,
    "end": 1612618614454,
    "duration": 0,
    "pid": 26796,
    "index": 18
  },
  {
    "name": "Require(15) node_modules/egg-validate/config/config.default.js",
    "start": 1612618614454,
    "end": 1612618614455,
    "duration": 1,
    "pid": 26796,
    "index": 19
  },
  {
    "name": "Require(16) node_modules/egg-cors/config/config.default.js",
    "start": 1612618614455,
    "end": 1612618614455,
    "duration": 0,
    "pid": 26796,
    "index": 20
  },
  {
    "name": "Require(17) node_modules/egg/config/config.default.js",
    "start": 1612618614455,
    "end": 1612618614456,
    "duration": 1,
    "pid": 26796,
    "index": 21
  },
  {
    "name": "Require(18) config/config.default.js",
    "start": 1612618614457,
    "end": 1612618614457,
    "duration": 0,
    "pid": 26796,
    "index": 22
  },
  {
    "name": "Require(19) node_modules/egg-security/config/config.local.js",
    "start": 1612618614457,
    "end": 1612618614458,
    "duration": 1,
    "pid": 26796,
    "index": 23
  },
  {
    "name": "Require(20) node_modules/egg-watcher/config/config.local.js",
    "start": 1612618614458,
    "end": 1612618614459,
    "duration": 1,
    "pid": 26796,
    "index": 24
  },
  {
    "name": "Require(21) node_modules/egg-view/config/config.local.js",
    "start": 1612618614459,
    "end": 1612618614460,
    "duration": 1,
    "pid": 26796,
    "index": 25
  },
  {
    "name": "Require(22) node_modules/egg/config/config.local.js",
    "start": 1612618614460,
    "end": 1612618614460,
    "duration": 0,
    "pid": 26796,
    "index": 26
  },
  {
    "name": "Require(23) config/config.local.js",
    "start": 1612618614461,
    "end": 1612618614461,
    "duration": 0,
    "pid": 26796,
    "index": 27
  },
  {
    "name": "Load extend/application.js",
    "start": 1612618614462,
    "end": 1612618614518,
    "duration": 56,
    "pid": 26796,
    "index": 28
  },
  {
    "name": "Require(24) node_modules/egg-session/app/extend/application.js",
    "start": 1612618614462,
    "end": 1612618614462,
    "duration": 0,
    "pid": 26796,
    "index": 29
  },
  {
    "name": "Require(25) node_modules/egg-security/app/extend/application.js",
    "start": 1612618614463,
    "end": 1612618614464,
    "duration": 1,
    "pid": 26796,
    "index": 30
  },
  {
    "name": "Require(26) node_modules/egg-jsonp/app/extend/application.js",
    "start": 1612618614464,
    "end": 1612618614465,
    "duration": 1,
    "pid": 26796,
    "index": 31
  },
  {
    "name": "Require(27) node_modules/egg-logrotator/app/extend/application.js",
    "start": 1612618614466,
    "end": 1612618614472,
    "duration": 6,
    "pid": 26796,
    "index": 32
  },
  {
    "name": "Require(28) node_modules/egg-view/app/extend/application.js",
    "start": 1612618614472,
    "end": 1612618614473,
    "duration": 1,
    "pid": 26796,
    "index": 33
  },
  {
    "name": "Require(29) app/extend/application.js",
    "start": 1612618614474,
    "end": 1612618614516,
    "duration": 42,
    "pid": 26796,
    "index": 34
  },
  {
    "name": "Load extend/request.js",
    "start": 1612618614518,
    "end": 1612618614524,
    "duration": 6,
    "pid": 26796,
    "index": 35
  },
  {
    "name": "Require(30) node_modules/egg/app/extend/request.js",
    "start": 1612618614521,
    "end": 1612618614521,
    "duration": 0,
    "pid": 26796,
    "index": 36
  },
  {
    "name": "Load extend/response.js",
    "start": 1612618614524,
    "end": 1612618614531,
    "duration": 7,
    "pid": 26796,
    "index": 37
  },
  {
    "name": "Require(31) node_modules/egg/app/extend/response.js",
    "start": 1612618614526,
    "end": 1612618614528,
    "duration": 2,
    "pid": 26796,
    "index": 38
  },
  {
    "name": "Load extend/context.js",
    "start": 1612618614531,
    "end": 1612618614581,
    "duration": 50,
    "pid": 26796,
    "index": 39
  },
  {
    "name": "Require(32) node_modules/egg-security/app/extend/context.js",
    "start": 1612618614531,
    "end": 1612618614542,
    "duration": 11,
    "pid": 26796,
    "index": 40
  },
  {
    "name": "Require(33) node_modules/egg-jsonp/app/extend/context.js",
    "start": 1612618614542,
    "end": 1612618614543,
    "duration": 1,
    "pid": 26796,
    "index": 41
  },
  {
    "name": "Require(34) node_modules/egg-i18n/app/extend/context.js",
    "start": 1612618614543,
    "end": 1612618614544,
    "duration": 1,
    "pid": 26796,
    "index": 42
  },
  {
    "name": "Require(35) node_modules/egg-multipart/app/extend/context.js",
    "start": 1612618614544,
    "end": 1612618614575,
    "duration": 31,
    "pid": 26796,
    "index": 43
  },
  {
    "name": "Require(36) node_modules/egg-view/app/extend/context.js",
    "start": 1612618614576,
    "end": 1612618614577,
    "duration": 1,
    "pid": 26796,
    "index": 44
  },
  {
    "name": "Require(37) node_modules/egg-mongoose/app/extend/context.js",
    "start": 1612618614577,
    "end": 1612618614577,
    "duration": 0,
    "pid": 26796,
    "index": 45
  },
  {
    "name": "Require(38) node_modules/egg-validate/app/extend/context.js",
    "start": 1612618614577,
    "end": 1612618614578,
    "duration": 1,
    "pid": 26796,
    "index": 46
  },
  {
    "name": "Require(39) node_modules/egg/app/extend/context.js",
    "start": 1612618614578,
    "end": 1612618614579,
    "duration": 1,
    "pid": 26796,
    "index": 47
  },
  {
    "name": "Load extend/helper.js",
    "start": 1612618614581,
    "end": 1612618614612,
    "duration": 31,
    "pid": 26796,
    "index": 48
  },
  {
    "name": "Require(40) node_modules/egg-security/app/extend/helper.js",
    "start": 1612618614582,
    "end": 1612618614595,
    "duration": 13,
    "pid": 26796,
    "index": 49
  },
  {
    "name": "Require(41) node_modules/egg/app/extend/helper.js",
    "start": 1612618614597,
    "end": 1612618614597,
    "duration": 0,
    "pid": 26796,
    "index": 50
  },
  {
    "name": "Require(42) app/extend/helper.js",
    "start": 1612618614598,
    "end": 1612618614610,
    "duration": 12,
    "pid": 26796,
    "index": 51
  },
  {
    "name": "Load app.js",
    "start": 1612618614612,
    "end": 1612618614636,
    "duration": 24,
    "pid": 26796,
    "index": 52
  },
  {
    "name": "Require(43) node_modules/egg-session/app.js",
    "start": 1612618614613,
    "end": 1612618614613,
    "duration": 0,
    "pid": 26796,
    "index": 53
  },
  {
    "name": "Require(44) node_modules/egg-security/app.js",
    "start": 1612618614613,
    "end": 1612618614614,
    "duration": 1,
    "pid": 26796,
    "index": 54
  },
  {
    "name": "Require(45) node_modules/egg-onerror/app.js",
    "start": 1612618614614,
    "end": 1612618614619,
    "duration": 5,
    "pid": 26796,
    "index": 55
  },
  {
    "name": "Require(46) node_modules/egg-i18n/app.js",
    "start": 1612618614620,
    "end": 1612618614627,
    "duration": 7,
    "pid": 26796,
    "index": 56
  },
  {
    "name": "Require(47) node_modules/egg-watcher/app.js",
    "start": 1612618614627,
    "end": 1612618614630,
    "duration": 3,
    "pid": 26796,
    "index": 57
  },
  {
    "name": "Require(48) node_modules/egg-schedule/app.js",
    "start": 1612618614630,
    "end": 1612618614631,
    "duration": 1,
    "pid": 26796,
    "index": 58
  },
  {
    "name": "Require(49) node_modules/egg-multipart/app.js",
    "start": 1612618614631,
    "end": 1612618614632,
    "duration": 1,
    "pid": 26796,
    "index": 59
  },
  {
    "name": "Require(50) node_modules/egg-development/app.js",
    "start": 1612618614632,
    "end": 1612618614632,
    "duration": 0,
    "pid": 26796,
    "index": 60
  },
  {
    "name": "Require(51) node_modules/egg-logrotator/app.js",
    "start": 1612618614632,
    "end": 1612618614632,
    "duration": 0,
    "pid": 26796,
    "index": 61
  },
  {
    "name": "Require(52) node_modules/egg-static/app.js",
    "start": 1612618614633,
    "end": 1612618614633,
    "duration": 0,
    "pid": 26796,
    "index": 62
  },
  {
    "name": "Require(53) node_modules/egg-mongoose/app.js",
    "start": 1612618614633,
    "end": 1612618614633,
    "duration": 0,
    "pid": 26796,
    "index": 63
  },
  {
    "name": "Require(54) node_modules/egg-validate/app.js",
    "start": 1612618614634,
    "end": 1612618614635,
    "duration": 1,
    "pid": 26796,
    "index": 64
  },
  {
    "name": "Require(55) node_modules/egg-cors/app.js",
    "start": 1612618614635,
    "end": 1612618614635,
    "duration": 0,
    "pid": 26796,
    "index": 65
  },
  {
    "name": "Before Start in node_modules/egg-watcher/lib/init.js:15:14",
    "start": 1612618614644,
    "end": 1612618615119,
    "duration": 475,
    "pid": 26796,
    "index": 66
  },
  {
    "name": "Before Start in node_modules/egg-mongoose/lib/mongoose.js:104:7",
    "start": 1612618614970,
    "end": 1612618615117,
    "duration": 147,
    "pid": 26796,
    "index": 67
  },
  {
    "name": "Before Start in node_modules/egg-mongoose/lib/mongoose.js:52:9",
    "start": 1612618614971,
    "end": 1612618615105,
    "duration": 134,
    "pid": 26796,
    "index": 68
  },
  {
    "name": "Load Service",
    "start": 1612618614971,
    "end": 1612618614996,
    "duration": 25,
    "pid": 26796,
    "index": 69
  },
  {
    "name": "Load \"service\" to Context",
    "start": 1612618614971,
    "end": 1612618614996,
    "duration": 25,
    "pid": 26796,
    "index": 70
  },
  {
    "name": "Load Middleware",
    "start": 1612618614996,
    "end": 1612618615075,
    "duration": 79,
    "pid": 26796,
    "index": 71
  },
  {
    "name": "Load \"middlewares\" to Application",
    "start": 1612618614996,
    "end": 1612618615067,
    "duration": 71,
    "pid": 26796,
    "index": 72
  },
  {
    "name": "Load Controller",
    "start": 1612618615075,
    "end": 1612618615079,
    "duration": 4,
    "pid": 26796,
    "index": 73
  },
  {
    "name": "Load \"controller\" to Application",
    "start": 1612618615075,
    "end": 1612618615079,
    "duration": 4,
    "pid": 26796,
    "index": 74
  },
  {
    "name": "Load Router",
    "start": 1612618615079,
    "end": 1612618615081,
    "duration": 2,
    "pid": 26796,
    "index": 75
  },
  {
    "name": "Require(56) app/router.js",
    "start": 1612618615079,
    "end": 1612618615079,
    "duration": 0,
    "pid": 26796,
    "index": 76
  },
  {
    "name": "Before Start in node_modules/egg-core/lib/egg.js:303:10",
    "start": 1612618615080,
    "end": 1612618615105,
    "duration": 25,
    "pid": 26796,
    "index": 77
  },
  {
    "name": "Load \"model\" to Application",
    "start": 1612618615088,
    "end": 1612618615104,
    "duration": 16,
    "pid": 26796,
    "index": 78
  }
]