[
  {
    "name": "Process Start",
    "start": 1612618403184,
    "end": 1612618403941,
    "duration": 757,
    "pid": 5092,
    "index": 0
  },
  {
    "name": "Application Start",
    "start": 1612618403941,
    "end": 1612618404630,
    "duration": 689,
    "pid": 5092,
    "index": 1
  },
  {
    "name": "Load Plugin",
    "start": 1612618403945,
    "end": 1612618403961,
    "duration": 16,
    "pid": 5092,
    "index": 2
  },
  {
    "name": "Load Config",
    "start": 1612618403961,
    "end": 1612618403980,
    "duration": 19,
    "pid": 5092,
    "index": 3
  },
  {
    "name": "Require(0) config/config.default.js",
    "start": 1612618403961,
    "end": 1612618403962,
    "duration": 1,
    "pid": 5092,
    "index": 4
  },
  {
    "name": "Require(1) config/config.local.js",
    "start": 1612618403962,
    "end": 1612618403963,
    "duration": 1,
    "pid": 5092,
    "index": 5
  },
  {
    "name": "Require(2) node_modules/egg-session/config/config.default.js",
    "start": 1612618403963,
    "end": 1612618403964,
    "duration": 1,
    "pid": 5092,
    "index": 6
  },
  {
    "name": "Require(3) node_modules/egg-security/config/config.default.js",
    "start": 1612618403964,
    "end": 1612618403964,
    "duration": 0,
    "pid": 5092,
    "index": 7
  },
  {
    "name": "Require(4) node_modules/egg-jsonp/config/config.default.js",
    "start": 1612618403965,
    "end": 1612618403965,
    "duration": 0,
    "pid": 5092,
    "index": 8
  },
  {
    "name": "Require(5) node_modules/egg-onerror/config/config.default.js",
    "start": 1612618403966,
    "end": 1612618403966,
    "duration": 0,
    "pid": 5092,
    "index": 9
  },
  {
    "name": "Require(6) node_modules/egg-i18n/config/config.default.js",
    "start": 1612618403966,
    "end": 1612618403967,
    "duration": 1,
    "pid": 5092,
    "index": 10
  },
  {
    "name": "Require(7) node_modules/egg-watcher/config/config.default.js",
    "start": 1612618403967,
    "end": 1612618403968,
    "duration": 1,
    "pid": 5092,
    "index": 11
  },
  {
    "name": "Require(8) node_modules/egg-schedule/config/config.default.js",
    "start": 1612618403968,
    "end": 1612618403968,
    "duration": 0,
    "pid": 5092,
    "index": 12
  },
  {
    "name": "Require(9) node_modules/egg-multipart/config/config.default.js",
    "start": 1612618403969,
    "end": 1612618403969,
    "duration": 0,
    "pid": 5092,
    "index": 13
  },
  {
    "name": "Require(10) node_modules/egg-development/config/config.default.js",
    "start": 1612618403970,
    "end": 1612618403970,
    "duration": 0,
    "pid": 5092,
    "index": 14
  },
  {
    "name": "Require(11) node_modules/egg-logrotator/config/config.default.js",
    "start": 1612618403970,
    "end": 1612618403971,
    "duration": 1,
    "pid": 5092,
    "index": 15
  },
  {
    "name": "Require(12) node_modules/egg-static/config/config.default.js",
    "start": 1612618403971,
    "end": 1612618403971,
    "duration": 0,
    "pid": 5092,
    "index": 16
  },
  {
    "name": "Require(13) node_modules/egg-view/config/config.default.js",
    "start": 1612618403972,
    "end": 1612618403972,
    "duration": 0,
    "pid": 5092,
    "index": 17
  },
  {
    "name": "Require(14) node_modules/egg-mongoose/config/config.default.js",
    "start": 1612618403973,
    "end": 1612618403973,
    "duration": 0,
    "pid": 5092,
    "index": 18
  },
  {
    "name": "Require(15) node_modules/egg-validate/config/config.default.js",
    "start": 1612618403973,
    "end": 1612618403973,
    "duration": 0,
    "pid": 5092,
    "index": 19
  },
  {
    "name": "Require(16) node_modules/egg-cors/config/config.default.js",
    "start": 1612618403974,
    "end": 1612618403974,
    "duration": 0,
    "pid": 5092,
    "index": 20
  },
  {
    "name": "Require(17) node_modules/egg/config/config.default.js",
    "start": 1612618403974,
    "end": 1612618403975,
    "duration": 1,
    "pid": 5092,
    "index": 21
  },
  {
    "name": "Require(18) config/config.default.js",
    "start": 1612618403976,
    "end": 1612618403976,
    "duration": 0,
    "pid": 5092,
    "index": 22
  },
  {
    "name": "Require(19) node_modules/egg-security/config/config.local.js",
    "start": 1612618403976,
    "end": 1612618403976,
    "duration": 0,
    "pid": 5092,
    "index": 23
  },
  {
    "name": "Require(20) node_modules/egg-watcher/config/config.local.js",
    "start": 1612618403977,
    "end": 1612618403977,
    "duration": 0,
    "pid": 5092,
    "index": 24
  },
  {
    "name": "Require(21) node_modules/egg-view/config/config.local.js",
    "start": 1612618403978,
    "end": 1612618403978,
    "duration": 0,
    "pid": 5092,
    "index": 25
  },
  {
    "name": "Require(22) node_modules/egg/config/config.local.js",
    "start": 1612618403979,
    "end": 1612618403979,
    "duration": 0,
    "pid": 5092,
    "index": 26
  },
  {
    "name": "Require(23) config/config.local.js",
    "start": 1612618403979,
    "end": 1612618403979,
    "duration": 0,
    "pid": 5092,
    "index": 27
  },
  {
    "name": "Load extend/application.js",
    "start": 1612618403980,
    "end": 1612618404036,
    "duration": 56,
    "pid": 5092,
    "index": 28
  },
  {
    "name": "Require(24) node_modules/egg-session/app/extend/application.js",
    "start": 1612618403981,
    "end": 1612618403981,
    "duration": 0,
    "pid": 5092,
    "index": 29
  },
  {
    "name": "Require(25) node_modules/egg-security/app/extend/application.js",
    "start": 1612618403982,
    "end": 1612618403982,
    "duration": 0,
    "pid": 5092,
    "index": 30
  },
  {
    "name": "Require(26) node_modules/egg-jsonp/app/extend/application.js",
    "start": 1612618403983,
    "end": 1612618403984,
    "duration": 1,
    "pid": 5092,
    "index": 31
  },
  {
    "name": "Require(27) node_modules/egg-logrotator/app/extend/application.js",
    "start": 1612618403985,
    "end": 1612618403990,
    "duration": 5,
    "pid": 5092,
    "index": 32
  },
  {
    "name": "Require(28) node_modules/egg-view/app/extend/application.js",
    "start": 1612618403991,
    "end": 1612618403992,
    "duration": 1,
    "pid": 5092,
    "index": 33
  },
  {
    "name": "Require(29) app/extend/application.js",
    "start": 1612618403993,
    "end": 1612618404034,
    "duration": 41,
    "pid": 5092,
    "index": 34
  },
  {
    "name": "Load extend/request.js",
    "start": 1612618404036,
    "end": 1612618404042,
    "duration": 6,
    "pid": 5092,
    "index": 35
  },
  {
    "name": "Require(30) node_modules/egg/app/extend/request.js",
    "start": 1612618404039,
    "end": 1612618404040,
    "duration": 1,
    "pid": 5092,
    "index": 36
  },
  {
    "name": "Load extend/response.js",
    "start": 1612618404042,
    "end": 1612618404049,
    "duration": 7,
    "pid": 5092,
    "index": 37
  },
  {
    "name": "Require(31) node_modules/egg/app/extend/response.js",
    "start": 1612618404044,
    "end": 1612618404046,
    "duration": 2,
    "pid": 5092,
    "index": 38
  },
  {
    "name": "Load extend/context.js",
    "start": 1612618404049,
    "end": 1612618404100,
    "duration": 51,
    "pid": 5092,
    "index": 39
  },
  {
    "name": "Require(32) node_modules/egg-security/app/extend/context.js",
    "start": 1612618404049,
    "end": 1612618404060,
    "duration": 11,
    "pid": 5092,
    "index": 40
  },
  {
    "name": "Require(33) node_modules/egg-jsonp/app/extend/context.js",
    "start": 1612618404060,
    "end": 1612618404061,
    "duration": 1,
    "pid": 5092,
    "index": 41
  },
  {
    "name": "Require(34) node_modules/egg-i18n/app/extend/context.js",
    "start": 1612618404061,
    "end": 1612618404061,
    "duration": 0,
    "pid": 5092,
    "index": 42
  },
  {
    "name": "Require(35) node_modules/egg-multipart/app/extend/context.js",
    "start": 1612618404062,
    "end": 1612618404094,
    "duration": 32,
    "pid": 5092,
    "index": 43
  },
  {
    "name": "Require(36) node_modules/egg-view/app/extend/context.js",
    "start": 1612618404095,
    "end": 1612618404096,
    "duration": 1,
    "pid": 5092,
    "index": 44
  },
  {
    "name": "Require(37) node_modules/egg-mongoose/app/extend/context.js",
    "start": 1612618404096,
    "end": 1612618404096,
    "duration": 0,
    "pid": 5092,
    "index": 45
  },
  {
    "name": "Require(38) node_modules/egg-validate/app/extend/context.js",
    "start": 1612618404097,
    "end": 1612618404097,
    "duration": 0,
    "pid": 5092,
    "index": 46
  },
  {
    "name": "Require(39) node_modules/egg/app/extend/context.js",
    "start": 1612618404097,
    "end": 1612618404098,
    "duration": 1,
    "pid": 5092,
    "index": 47
  },
  {
    "name": "Load extend/helper.js",
    "start": 1612618404100,
    "end": 1612618404130,
    "duration": 30,
    "pid": 5092,
    "index": 48
  },
  {
    "name": "Require(40) node_modules/egg-security/app/extend/helper.js",
    "start": 1612618404101,
    "end": 1612618404112,
    "duration": 11,
    "pid": 5092,
    "index": 49
  },
  {
    "name": "Require(41) node_modules/egg/app/extend/helper.js",
    "start": 1612618404114,
    "end": 1612618404114,
    "duration": 0,
    "pid": 5092,
    "index": 50
  },
  {
    "name": "Require(42) app/extend/helper.js",
    "start": 1612618404115,
    "end": 1612618404128,
    "duration": 13,
    "pid": 5092,
    "index": 51
  },
  {
    "name": "Load app.js",
    "start": 1612618404130,
    "end": 1612618404155,
    "duration": 25,
    "pid": 5092,
    "index": 52
  },
  {
    "name": "Require(43) node_modules/egg-session/app.js",
    "start": 1612618404131,
    "end": 1612618404131,
    "duration": 0,
    "pid": 5092,
    "index": 53
  },
  {
    "name": "Require(44) node_modules/egg-security/app.js",
    "start": 1612618404131,
    "end": 1612618404132,
    "duration": 1,
    "pid": 5092,
    "index": 54
  },
  {
    "name": "Require(45) node_modules/egg-onerror/app.js",
    "start": 1612618404133,
    "end": 1612618404138,
    "duration": 5,
    "pid": 5092,
    "index": 55
  },
  {
    "name": "Require(46) node_modules/egg-i18n/app.js",
    "start": 1612618404138,
    "end": 1612618404146,
    "duration": 8,
    "pid": 5092,
    "index": 56
  },
  {
    "name": "Require(47) node_modules/egg-watcher/app.js",
    "start": 1612618404146,
    "end": 1612618404148,
    "duration": 2,
    "pid": 5092,
    "index": 57
  },
  {
    "name": "Require(48) node_modules/egg-schedule/app.js",
    "start": 1612618404148,
    "end": 1612618404149,
    "duration": 1,
    "pid": 5092,
    "index": 58
  },
  {
    "name": "Require(49) node_modules/egg-multipart/app.js",
    "start": 1612618404150,
    "end": 1612618404150,
    "duration": 0,
    "pid": 5092,
    "index": 59
  },
  {
    "name": "Require(50) node_modules/egg-development/app.js",
    "start": 1612618404150,
    "end": 1612618404151,
    "duration": 1,
    "pid": 5092,
    "index": 60
  },
  {
    "name": "Require(51) node_modules/egg-logrotator/app.js",
    "start": 1612618404151,
    "end": 1612618404151,
    "duration": 0,
    "pid": 5092,
    "index": 61
  },
  {
    "name": "Require(52) node_modules/egg-static/app.js",
    "start": 1612618404151,
    "end": 1612618404151,
    "duration": 0,
    "pid": 5092,
    "index": 62
  },
  {
    "name": "Require(53) node_modules/egg-mongoose/app.js",
    "start": 1612618404152,
    "end": 1612618404152,
    "duration": 0,
    "pid": 5092,
    "index": 63
  },
  {
    "name": "Require(54) node_modules/egg-validate/app.js",
    "start": 1612618404152,
    "end": 1612618404154,
    "duration": 2,
    "pid": 5092,
    "index": 64
  },
  {
    "name": "Require(55) node_modules/egg-cors/app.js",
    "start": 1612618404154,
    "end": 1612618404154,
    "duration": 0,
    "pid": 5092,
    "index": 65
  },
  {
    "name": "Before Start in node_modules/egg-watcher/lib/init.js:15:14",
    "start": 1612618404163,
    "end": 1612618404630,
    "duration": 467,
    "pid": 5092,
    "index": 66
  },
  {
    "name": "Before Start in node_modules/egg-mongoose/lib/mongoose.js:104:7",
    "start": 1612618404483,
    "end": 1612618404628,
    "duration": 145,
    "pid": 5092,
    "index": 67
  },
  {
    "name": "Before Start in node_modules/egg-mongoose/lib/mongoose.js:52:9",
    "start": 1612618404483,
    "end": 1612618404614,
    "duration": 131,
    "pid": 5092,
    "index": 68
  },
  {
    "name": "Load Service",
    "start": 1612618404484,
    "end": 1612618404512,
    "duration": 28,
    "pid": 5092,
    "index": 69
  },
  {
    "name": "Load \"service\" to Context",
    "start": 1612618404484,
    "end": 1612618404512,
    "duration": 28,
    "pid": 5092,
    "index": 70
  },
  {
    "name": "Load Middleware",
    "start": 1612618404512,
    "end": 1612618404585,
    "duration": 73,
    "pid": 5092,
    "index": 71
  },
  {
    "name": "Load \"middlewares\" to Application",
    "start": 1612618404512,
    "end": 1612618404577,
    "duration": 65,
    "pid": 5092,
    "index": 72
  },
  {
    "name": "Load Controller",
    "start": 1612618404585,
    "end": 1612618404588,
    "duration": 3,
    "pid": 5092,
    "index": 73
  },
  {
    "name": "Load \"controller\" to Application",
    "start": 1612618404585,
    "end": 1612618404588,
    "duration": 3,
    "pid": 5092,
    "index": 74
  },
  {
    "name": "Load Router",
    "start": 1612618404588,
    "end": 1612618404591,
    "duration": 3,
    "pid": 5092,
    "index": 75
  },
  {
    "name": "Require(56) app/router.js",
    "start": 1612618404589,
    "end": 1612618404589,
    "duration": 0,
    "pid": 5092,
    "index": 76
  },
  {
    "name": "Before Start in node_modules/egg-core/lib/egg.js:303:10",
    "start": 1612618404589,
    "end": 1612618404614,
    "duration": 25,
    "pid": 5092,
    "index": 77
  },
  {
    "name": "Load \"model\" to Application",
    "start": 1612618404598,
    "end": 1612618404614,
    "duration": 16,
    "pid": 5092,
    "index": 78
  }
]