[
  {
    "name": "Process Start",
    "start": 1612618615303,
    "end": 1612618616054,
    "duration": 751,
    "pid": 22876,
    "index": 0
  },
  {
    "name": "Application Start",
    "start": 1612618616055,
    "end": 1612618616743,
    "duration": 688,
    "pid": 22876,
    "index": 1
  },
  {
    "name": "Load Plugin",
    "start": 1612618616059,
    "end": 1612618616074,
    "duration": 15,
    "pid": 22876,
    "index": 2
  },
  {
    "name": "Load Config",
    "start": 1612618616074,
    "end": 1612618616094,
    "duration": 20,
    "pid": 22876,
    "index": 3
  },
  {
    "name": "Require(0) config/config.default.js",
    "start": 1612618616075,
    "end": 1612618616075,
    "duration": 0,
    "pid": 22876,
    "index": 4
  },
  {
    "name": "Require(1) config/config.local.js",
    "start": 1612618616076,
    "end": 1612618616077,
    "duration": 1,
    "pid": 22876,
    "index": 5
  },
  {
    "name": "Require(2) node_modules/egg-session/config/config.default.js",
    "start": 1612618616077,
    "end": 1612618616078,
    "duration": 1,
    "pid": 22876,
    "index": 6
  },
  {
    "name": "Require(3) node_modules/egg-security/config/config.default.js",
    "start": 1612618616078,
    "end": 1612618616079,
    "duration": 1,
    "pid": 22876,
    "index": 7
  },
  {
    "name": "Require(4) node_modules/egg-jsonp/config/config.default.js",
    "start": 1612618616079,
    "end": 1612618616080,
    "duration": 1,
    "pid": 22876,
    "index": 8
  },
  {
    "name": "Require(5) node_modules/egg-onerror/config/config.default.js",
    "start": 1612618616080,
    "end": 1612618616081,
    "duration": 1,
    "pid": 22876,
    "index": 9
  },
  {
    "name": "Require(6) node_modules/egg-i18n/config/config.default.js",
    "start": 1612618616081,
    "end": 1612618616081,
    "duration": 0,
    "pid": 22876,
    "index": 10
  },
  {
    "name": "Require(7) node_modules/egg-watcher/config/config.default.js",
    "start": 1612618616082,
    "end": 1612618616082,
    "duration": 0,
    "pid": 22876,
    "index": 11
  },
  {
    "name": "Require(8) node_modules/egg-schedule/config/config.default.js",
    "start": 1612618616082,
    "end": 1612618616083,
    "duration": 1,
    "pid": 22876,
    "index": 12
  },
  {
    "name": "Require(9) node_modules/egg-multipart/config/config.default.js",
    "start": 1612618616083,
    "end": 1612618616084,
    "duration": 1,
    "pid": 22876,
    "index": 13
  },
  {
    "name": "Require(10) node_modules/egg-development/config/config.default.js",
    "start": 1612618616084,
    "end": 1612618616084,
    "duration": 0,
    "pid": 22876,
    "index": 14
  },
  {
    "name": "Require(11) node_modules/egg-logrotator/config/config.default.js",
    "start": 1612618616085,
    "end": 1612618616085,
    "duration": 0,
    "pid": 22876,
    "index": 15
  },
  {
    "name": "Require(12) node_modules/egg-static/config/config.default.js",
    "start": 1612618616086,
    "end": 1612618616086,
    "duration": 0,
    "pid": 22876,
    "index": 16
  },
  {
    "name": "Require(13) node_modules/egg-view/config/config.default.js",
    "start": 1612618616086,
    "end": 1612618616087,
    "duration": 1,
    "pid": 22876,
    "index": 17
  },
  {
    "name": "Require(14) node_modules/egg-mongoose/config/config.default.js",
    "start": 1612618616087,
    "end": 1612618616087,
    "duration": 0,
    "pid": 22876,
    "index": 18
  },
  {
    "name": "Require(15) node_modules/egg-validate/config/config.default.js",
    "start": 1612618616088,
    "end": 1612618616088,
    "duration": 0,
    "pid": 22876,
    "index": 19
  },
  {
    "name": "Require(16) node_modules/egg-cors/config/config.default.js",
    "start": 1612618616088,
    "end": 1612618616089,
    "duration": 1,
    "pid": 22876,
    "index": 20
  },
  {
    "name": "Require(17) node_modules/egg/config/config.default.js",
    "start": 1612618616089,
    "end": 1612618616089,
    "duration": 0,
    "pid": 22876,
    "index": 21
  },
  {
    "name": "Require(18) config/config.default.js",
    "start": 1612618616090,
    "end": 1612618616090,
    "duration": 0,
    "pid": 22876,
    "index": 22
  },
  {
    "name": "Require(19) node_modules/egg-security/config/config.local.js",
    "start": 1612618616091,
    "end": 1612618616091,
    "duration": 0,
    "pid": 22876,
    "index": 23
  },
  {
    "name": "Require(20) node_modules/egg-watcher/config/config.local.js",
    "start": 1612618616092,
    "end": 1612618616092,
    "duration": 0,
    "pid": 22876,
    "index": 24
  },
  {
    "name": "Require(21) node_modules/egg-view/config/config.local.js",
    "start": 1612618616093,
    "end": 1612618616093,
    "duration": 0,
    "pid": 22876,
    "index": 25
  },
  {
    "name": "Require(22) node_modules/egg/config/config.local.js",
    "start": 1612618616094,
    "end": 1612618616094,
    "duration": 0,
    "pid": 22876,
    "index": 26
  },
  {
    "name": "Require(23) config/config.local.js",
    "start": 1612618616094,
    "end": 1612618616094,
    "duration": 0,
    "pid": 22876,
    "index": 27
  },
  {
    "name": "Load extend/application.js",
    "start": 1612618616095,
    "end": 1612618616150,
    "duration": 55,
    "pid": 22876,
    "index": 28
  },
  {
    "name": "Require(24) node_modules/egg-session/app/extend/application.js",
    "start": 1612618616096,
    "end": 1612618616096,
    "duration": 0,
    "pid": 22876,
    "index": 29
  },
  {
    "name": "Require(25) node_modules/egg-security/app/extend/application.js",
    "start": 1612618616096,
    "end": 1612618616097,
    "duration": 1,
    "pid": 22876,
    "index": 30
  },
  {
    "name": "Require(26) node_modules/egg-jsonp/app/extend/application.js",
    "start": 1612618616098,
    "end": 1612618616099,
    "duration": 1,
    "pid": 22876,
    "index": 31
  },
  {
    "name": "Require(27) node_modules/egg-logrotator/app/extend/application.js",
    "start": 1612618616100,
    "end": 1612618616105,
    "duration": 5,
    "pid": 22876,
    "index": 32
  },
  {
    "name": "Require(28) node_modules/egg-view/app/extend/application.js",
    "start": 1612618616105,
    "end": 1612618616106,
    "duration": 1,
    "pid": 22876,
    "index": 33
  },
  {
    "name": "Require(29) app/extend/application.js",
    "start": 1612618616107,
    "end": 1612618616147,
    "duration": 40,
    "pid": 22876,
    "index": 34
  },
  {
    "name": "Load extend/request.js",
    "start": 1612618616150,
    "end": 1612618616155,
    "duration": 5,
    "pid": 22876,
    "index": 35
  },
  {
    "name": "Require(30) node_modules/egg/app/extend/request.js",
    "start": 1612618616152,
    "end": 1612618616153,
    "duration": 1,
    "pid": 22876,
    "index": 36
  },
  {
    "name": "Load extend/response.js",
    "start": 1612618616155,
    "end": 1612618616163,
    "duration": 8,
    "pid": 22876,
    "index": 37
  },
  {
    "name": "Require(31) node_modules/egg/app/extend/response.js",
    "start": 1612618616158,
    "end": 1612618616160,
    "duration": 2,
    "pid": 22876,
    "index": 38
  },
  {
    "name": "Load extend/context.js",
    "start": 1612618616163,
    "end": 1612618616212,
    "duration": 49,
    "pid": 22876,
    "index": 39
  },
  {
    "name": "Require(32) node_modules/egg-security/app/extend/context.js",
    "start": 1612618616163,
    "end": 1612618616174,
    "duration": 11,
    "pid": 22876,
    "index": 40
  },
  {
    "name": "Require(33) node_modules/egg-jsonp/app/extend/context.js",
    "start": 1612618616174,
    "end": 1612618616175,
    "duration": 1,
    "pid": 22876,
    "index": 41
  },
  {
    "name": "Require(34) node_modules/egg-i18n/app/extend/context.js",
    "start": 1612618616175,
    "end": 1612618616176,
    "duration": 1,
    "pid": 22876,
    "index": 42
  },
  {
    "name": "Require(35) node_modules/egg-multipart/app/extend/context.js",
    "start": 1612618616176,
    "end": 1612618616206,
    "duration": 30,
    "pid": 22876,
    "index": 43
  },
  {
    "name": "Require(36) node_modules/egg-view/app/extend/context.js",
    "start": 1612618616207,
    "end": 1612618616208,
    "duration": 1,
    "pid": 22876,
    "index": 44
  },
  {
    "name": "Require(37) node_modules/egg-mongoose/app/extend/context.js",
    "start": 1612618616208,
    "end": 1612618616208,
    "duration": 0,
    "pid": 22876,
    "index": 45
  },
  {
    "name": "Require(38) node_modules/egg-validate/app/extend/context.js",
    "start": 1612618616208,
    "end": 1612618616209,
    "duration": 1,
    "pid": 22876,
    "index": 46
  },
  {
    "name": "Require(39) node_modules/egg/app/extend/context.js",
    "start": 1612618616209,
    "end": 1612618616210,
    "duration": 1,
    "pid": 22876,
    "index": 47
  },
  {
    "name": "Load extend/helper.js",
    "start": 1612618616212,
    "end": 1612618616242,
    "duration": 30,
    "pid": 22876,
    "index": 48
  },
  {
    "name": "Require(40) node_modules/egg-security/app/extend/helper.js",
    "start": 1612618616212,
    "end": 1612618616224,
    "duration": 12,
    "pid": 22876,
    "index": 49
  },
  {
    "name": "Require(41) node_modules/egg/app/extend/helper.js",
    "start": 1612618616226,
    "end": 1612618616226,
    "duration": 0,
    "pid": 22876,
    "index": 50
  },
  {
    "name": "Require(42) app/extend/helper.js",
    "start": 1612618616226,
    "end": 1612618616240,
    "duration": 14,
    "pid": 22876,
    "index": 51
  },
  {
    "name": "Load app.js",
    "start": 1612618616242,
    "end": 1612618616267,
    "duration": 25,
    "pid": 22876,
    "index": 52
  },
  {
    "name": "Require(43) node_modules/egg-session/app.js",
    "start": 1612618616243,
    "end": 1612618616243,
    "duration": 0,
    "pid": 22876,
    "index": 53
  },
  {
    "name": "Require(44) node_modules/egg-security/app.js",
    "start": 1612618616243,
    "end": 1612618616244,
    "duration": 1,
    "pid": 22876,
    "index": 54
  },
  {
    "name": "Require(45) node_modules/egg-onerror/app.js",
    "start": 1612618616245,
    "end": 1612618616250,
    "duration": 5,
    "pid": 22876,
    "index": 55
  },
  {
    "name": "Require(46) node_modules/egg-i18n/app.js",
    "start": 1612618616250,
    "end": 1612618616258,
    "duration": 8,
    "pid": 22876,
    "index": 56
  },
  {
    "name": "Require(47) node_modules/egg-watcher/app.js",
    "start": 1612618616258,
    "end": 1612618616260,
    "duration": 2,
    "pid": 22876,
    "index": 57
  },
  {
    "name": "Require(48) node_modules/egg-schedule/app.js",
    "start": 1612618616260,
    "end": 1612618616261,
    "duration": 1,
    "pid": 22876,
    "index": 58
  },
  {
    "name": "Require(49) node_modules/egg-multipart/app.js",
    "start": 1612618616262,
    "end": 1612618616262,
    "duration": 0,
    "pid": 22876,
    "index": 59
  },
  {
    "name": "Require(50) node_modules/egg-development/app.js",
    "start": 1612618616262,
    "end": 1612618616263,
    "duration": 1,
    "pid": 22876,
    "index": 60
  },
  {
    "name": "Require(51) node_modules/egg-logrotator/app.js",
    "start": 1612618616263,
    "end": 1612618616263,
    "duration": 0,
    "pid": 22876,
    "index": 61
  },
  {
    "name": "Require(52) node_modules/egg-static/app.js",
    "start": 1612618616263,
    "end": 1612618616263,
    "duration": 0,
    "pid": 22876,
    "index": 62
  },
  {
    "name": "Require(53) node_modules/egg-mongoose/app.js",
    "start": 1612618616264,
    "end": 1612618616264,
    "duration": 0,
    "pid": 22876,
    "index": 63
  },
  {
    "name": "Require(54) node_modules/egg-validate/app.js",
    "start": 1612618616264,
    "end": 1612618616266,
    "duration": 2,
    "pid": 22876,
    "index": 64
  },
  {
    "name": "Require(55) node_modules/egg-cors/app.js",
    "start": 1612618616266,
    "end": 1612618616266,
    "duration": 0,
    "pid": 22876,
    "index": 65
  },
  {
    "name": "Before Start in node_modules/egg-watcher/lib/init.js:15:14",
    "start": 1612618616275,
    "end": 1612618616743,
    "duration": 468,
    "pid": 22876,
    "index": 66
  },
  {
    "name": "Before Start in node_modules/egg-mongoose/lib/mongoose.js:104:7",
    "start": 1612618616594,
    "end": 1612618616741,
    "duration": 147,
    "pid": 22876,
    "index": 67
  },
  {
    "name": "Before Start in node_modules/egg-mongoose/lib/mongoose.js:52:9",
    "start": 1612618616594,
    "end": 1612618616729,
    "duration": 135,
    "pid": 22876,
    "index": 68
  },
  {
    "name": "Load Service",
    "start": 1612618616594,
    "end": 1612618616625,
    "duration": 31,
    "pid": 22876,
    "index": 69
  },
  {
    "name": "Load \"service\" to Context",
    "start": 1612618616594,
    "end": 1612618616625,
    "duration": 31,
    "pid": 22876,
    "index": 70
  },
  {
    "name": "Load Middleware",
    "start": 1612618616625,
    "end": 1612618616699,
    "duration": 74,
    "pid": 22876,
    "index": 71
  },
  {
    "name": "Load \"middlewares\" to Application",
    "start": 1612618616625,
    "end": 1612618616691,
    "duration": 66,
    "pid": 22876,
    "index": 72
  },
  {
    "name": "Load Controller",
    "start": 1612618616699,
    "end": 1612618616702,
    "duration": 3,
    "pid": 22876,
    "index": 73
  },
  {
    "name": "Load \"controller\" to Application",
    "start": 1612618616699,
    "end": 1612618616702,
    "duration": 3,
    "pid": 22876,
    "index": 74
  },
  {
    "name": "Load Router",
    "start": 1612618616702,
    "end": 1612618616705,
    "duration": 3,
    "pid": 22876,
    "index": 75
  },
  {
    "name": "Require(56) app/router.js",
    "start": 1612618616702,
    "end": 1612618616703,
    "duration": 1,
    "pid": 22876,
    "index": 76
  },
  {
    "name": "Before Start in node_modules/egg-core/lib/egg.js:303:10",
    "start": 1612618616703,
    "end": 1612618616729,
    "duration": 26,
    "pid": 22876,
    "index": 77
  },
  {
    "name": "Load \"model\" to Application",
    "start": 1612618616711,
    "end": 1612618616728,
    "duration": 17,
    "pid": 22876,
    "index": 78
  }
]