[
  {
    "name": "Process Start",
    "start": 1612619040014,
    "end": 1612619040858,
    "duration": 844,
    "pid": 22348,
    "index": 0
  },
  {
    "name": "Application Start",
    "start": 1612619040859,
    "end": 1612619041592,
    "duration": 733,
    "pid": 22348,
    "index": 1
  },
  {
    "name": "Load Plugin",
    "start": 1612619040863,
    "end": 1612619040880,
    "duration": 17,
    "pid": 22348,
    "index": 2
  },
  {
    "name": "Load Config",
    "start": 1612619040880,
    "end": 1612619040900,
    "duration": 20,
    "pid": 22348,
    "index": 3
  },
  {
    "name": "Require(0) config/config.default.js",
    "start": 1612619040881,
    "end": 1612619040881,
    "duration": 0,
    "pid": 22348,
    "index": 4
  },
  {
    "name": "Require(1) config/config.local.js",
    "start": 1612619040882,
    "end": 1612619040883,
    "duration": 1,
    "pid": 22348,
    "index": 5
  },
  {
    "name": "Require(2) node_modules/egg-session/config/config.default.js",
    "start": 1612619040883,
    "end": 1612619040883,
    "duration": 0,
    "pid": 22348,
    "index": 6
  },
  {
    "name": "Require(3) node_modules/egg-security/config/config.default.js",
    "start": 1612619040884,
    "end": 1612619040884,
    "duration": 0,
    "pid": 22348,
    "index": 7
  },
  {
    "name": "Require(4) node_modules/egg-jsonp/config/config.default.js",
    "start": 1612619040885,
    "end": 1612619040885,
    "duration": 0,
    "pid": 22348,
    "index": 8
  },
  {
    "name": "Require(5) node_modules/egg-onerror/config/config.default.js",
    "start": 1612619040885,
    "end": 1612619040886,
    "duration": 1,
    "pid": 22348,
    "index": 9
  },
  {
    "name": "Require(6) node_modules/egg-i18n/config/config.default.js",
    "start": 1612619040886,
    "end": 1612619040887,
    "duration": 1,
    "pid": 22348,
    "index": 10
  },
  {
    "name": "Require(7) node_modules/egg-watcher/config/config.default.js",
    "start": 1612619040887,
    "end": 1612619040888,
    "duration": 1,
    "pid": 22348,
    "index": 11
  },
  {
    "name": "Require(8) node_modules/egg-schedule/config/config.default.js",
    "start": 1612619040888,
    "end": 1612619040888,
    "duration": 0,
    "pid": 22348,
    "index": 12
  },
  {
    "name": "Require(9) node_modules/egg-multipart/config/config.default.js",
    "start": 1612619040889,
    "end": 1612619040889,
    "duration": 0,
    "pid": 22348,
    "index": 13
  },
  {
    "name": "Require(10) node_modules/egg-development/config/config.default.js",
    "start": 1612619040890,
    "end": 1612619040890,
    "duration": 0,
    "pid": 22348,
    "index": 14
  },
  {
    "name": "Require(11) node_modules/egg-logrotator/config/config.default.js",
    "start": 1612619040890,
    "end": 1612619040891,
    "duration": 1,
    "pid": 22348,
    "index": 15
  },
  {
    "name": "Require(12) node_modules/egg-static/config/config.default.js",
    "start": 1612619040891,
    "end": 1612619040891,
    "duration": 0,
    "pid": 22348,
    "index": 16
  },
  {
    "name": "Require(13) node_modules/egg-view/config/config.default.js",
    "start": 1612619040892,
    "end": 1612619040892,
    "duration": 0,
    "pid": 22348,
    "index": 17
  },
  {
    "name": "Require(14) node_modules/egg-mongoose/config/config.default.js",
    "start": 1612619040893,
    "end": 1612619040893,
    "duration": 0,
    "pid": 22348,
    "index": 18
  },
  {
    "name": "Require(15) node_modules/egg-validate/config/config.default.js",
    "start": 1612619040894,
    "end": 1612619040894,
    "duration": 0,
    "pid": 22348,
    "index": 19
  },
  {
    "name": "Require(16) node_modules/egg-cors/config/config.default.js",
    "start": 1612619040894,
    "end": 1612619040895,
    "duration": 1,
    "pid": 22348,
    "index": 20
  },
  {
    "name": "Require(17) node_modules/egg/config/config.default.js",
    "start": 1612619040895,
    "end": 1612619040895,
    "duration": 0,
    "pid": 22348,
    "index": 21
  },
  {
    "name": "Require(18) config/config.default.js",
    "start": 1612619040896,
    "end": 1612619040896,
    "duration": 0,
    "pid": 22348,
    "index": 22
  },
  {
    "name": "Require(19) node_modules/egg-security/config/config.local.js",
    "start": 1612619040897,
    "end": 1612619040897,
    "duration": 0,
    "pid": 22348,
    "index": 23
  },
  {
    "name": "Require(20) node_modules/egg-watcher/config/config.local.js",
    "start": 1612619040898,
    "end": 1612619040898,
    "duration": 0,
    "pid": 22348,
    "index": 24
  },
  {
    "name": "Require(21) node_modules/egg-view/config/config.local.js",
    "start": 1612619040899,
    "end": 1612619040899,
    "duration": 0,
    "pid": 22348,
    "index": 25
  },
  {
    "name": "Require(22) node_modules/egg/config/config.local.js",
    "start": 1612619040900,
    "end": 1612619040900,
    "duration": 0,
    "pid": 22348,
    "index": 26
  },
  {
    "name": "Require(23) config/config.local.js",
    "start": 1612619040900,
    "end": 1612619040900,
    "duration": 0,
    "pid": 22348,
    "index": 27
  },
  {
    "name": "Load extend/application.js",
    "start": 1612619040901,
    "end": 1612619040959,
    "duration": 58,
    "pid": 22348,
    "index": 28
  },
  {
    "name": "Require(24) node_modules/egg-session/app/extend/application.js",
    "start": 1612619040902,
    "end": 1612619040902,
    "duration": 0,
    "pid": 22348,
    "index": 29
  },
  {
    "name": "Require(25) node_modules/egg-security/app/extend/application.js",
    "start": 1612619040902,
    "end": 1612619040903,
    "duration": 1,
    "pid": 22348,
    "index": 30
  },
  {
    "name": "Require(26) node_modules/egg-jsonp/app/extend/application.js",
    "start": 1612619040904,
    "end": 1612619040905,
    "duration": 1,
    "pid": 22348,
    "index": 31
  },
  {
    "name": "Require(27) node_modules/egg-logrotator/app/extend/application.js",
    "start": 1612619040906,
    "end": 1612619040912,
    "duration": 6,
    "pid": 22348,
    "index": 32
  },
  {
    "name": "Require(28) node_modules/egg-view/app/extend/application.js",
    "start": 1612619040912,
    "end": 1612619040913,
    "duration": 1,
    "pid": 22348,
    "index": 33
  },
  {
    "name": "Require(29) app/extend/application.js",
    "start": 1612619040914,
    "end": 1612619040956,
    "duration": 42,
    "pid": 22348,
    "index": 34
  },
  {
    "name": "Load extend/request.js",
    "start": 1612619040959,
    "end": 1612619040965,
    "duration": 6,
    "pid": 22348,
    "index": 35
  },
  {
    "name": "Require(30) node_modules/egg/app/extend/request.js",
    "start": 1612619040961,
    "end": 1612619040962,
    "duration": 1,
    "pid": 22348,
    "index": 36
  },
  {
    "name": "Load extend/response.js",
    "start": 1612619040965,
    "end": 1612619040972,
    "duration": 7,
    "pid": 22348,
    "index": 37
  },
  {
    "name": "Require(31) node_modules/egg/app/extend/response.js",
    "start": 1612619040967,
    "end": 1612619040969,
    "duration": 2,
    "pid": 22348,
    "index": 38
  },
  {
    "name": "Load extend/context.js",
    "start": 1612619040972,
    "end": 1612619041024,
    "duration": 52,
    "pid": 22348,
    "index": 39
  },
  {
    "name": "Require(32) node_modules/egg-security/app/extend/context.js",
    "start": 1612619040972,
    "end": 1612619040983,
    "duration": 11,
    "pid": 22348,
    "index": 40
  },
  {
    "name": "Require(33) node_modules/egg-jsonp/app/extend/context.js",
    "start": 1612619040983,
    "end": 1612619040984,
    "duration": 1,
    "pid": 22348,
    "index": 41
  },
  {
    "name": "Require(34) node_modules/egg-i18n/app/extend/context.js",
    "start": 1612619040985,
    "end": 1612619040985,
    "duration": 0,
    "pid": 22348,
    "index": 42
  },
  {
    "name": "Require(35) node_modules/egg-multipart/app/extend/context.js",
    "start": 1612619040986,
    "end": 1612619041018,
    "duration": 32,
    "pid": 22348,
    "index": 43
  },
  {
    "name": "Require(36) node_modules/egg-view/app/extend/context.js",
    "start": 1612619041019,
    "end": 1612619041019,
    "duration": 0,
    "pid": 22348,
    "index": 44
  },
  {
    "name": "Require(37) node_modules/egg-mongoose/app/extend/context.js",
    "start": 1612619041020,
    "end": 1612619041020,
    "duration": 0,
    "pid": 22348,
    "index": 45
  },
  {
    "name": "Require(38) node_modules/egg-validate/app/extend/context.js",
    "start": 1612619041020,
    "end": 1612619041021,
    "duration": 1,
    "pid": 22348,
    "index": 46
  },
  {
    "name": "Require(39) node_modules/egg/app/extend/context.js",
    "start": 1612619041021,
    "end": 1612619041022,
    "duration": 1,
    "pid": 22348,
    "index": 47
  },
  {
    "name": "Load extend/helper.js",
    "start": 1612619041024,
    "end": 1612619041056,
    "duration": 32,
    "pid": 22348,
    "index": 48
  },
  {
    "name": "Require(40) node_modules/egg-security/app/extend/helper.js",
    "start": 1612619041025,
    "end": 1612619041039,
    "duration": 14,
    "pid": 22348,
    "index": 49
  },
  {
    "name": "Require(41) node_modules/egg/app/extend/helper.js",
    "start": 1612619041041,
    "end": 1612619041041,
    "duration": 0,
    "pid": 22348,
    "index": 50
  },
  {
    "name": "Require(42) app/extend/helper.js",
    "start": 1612619041041,
    "end": 1612619041054,
    "duration": 13,
    "pid": 22348,
    "index": 51
  },
  {
    "name": "Load app.js",
    "start": 1612619041056,
    "end": 1612619041081,
    "duration": 25,
    "pid": 22348,
    "index": 52
  },
  {
    "name": "Require(43) node_modules/egg-session/app.js",
    "start": 1612619041056,
    "end": 1612619041057,
    "duration": 1,
    "pid": 22348,
    "index": 53
  },
  {
    "name": "Require(44) node_modules/egg-security/app.js",
    "start": 1612619041057,
    "end": 1612619041058,
    "duration": 1,
    "pid": 22348,
    "index": 54
  },
  {
    "name": "Require(45) node_modules/egg-onerror/app.js",
    "start": 1612619041058,
    "end": 1612619041064,
    "duration": 6,
    "pid": 22348,
    "index": 55
  },
  {
    "name": "Require(46) node_modules/egg-i18n/app.js",
    "start": 1612619041064,
    "end": 1612619041072,
    "duration": 8,
    "pid": 22348,
    "index": 56
  },
  {
    "name": "Require(47) node_modules/egg-watcher/app.js",
    "start": 1612619041072,
    "end": 1612619041075,
    "duration": 3,
    "pid": 22348,
    "index": 57
  },
  {
    "name": "Require(48) node_modules/egg-schedule/app.js",
    "start": 1612619041075,
    "end": 1612619041076,
    "duration": 1,
    "pid": 22348,
    "index": 58
  },
  {
    "name": "Require(49) node_modules/egg-multipart/app.js",
    "start": 1612619041076,
    "end": 1612619041076,
    "duration": 0,
    "pid": 22348,
    "index": 59
  },
  {
    "name": "Require(50) node_modules/egg-development/app.js",
    "start": 1612619041077,
    "end": 1612619041077,
    "duration": 0,
    "pid": 22348,
    "index": 60
  },
  {
    "name": "Require(51) node_modules/egg-logrotator/app.js",
    "start": 1612619041077,
    "end": 1612619041077,
    "duration": 0,
    "pid": 22348,
    "index": 61
  },
  {
    "name": "Require(52) node_modules/egg-static/app.js",
    "start": 1612619041078,
    "end": 1612619041078,
    "duration": 0,
    "pid": 22348,
    "index": 62
  },
  {
    "name": "Require(53) node_modules/egg-mongoose/app.js",
    "start": 1612619041078,
    "end": 1612619041079,
    "duration": 1,
    "pid": 22348,
    "index": 63
  },
  {
    "name": "Require(54) node_modules/egg-validate/app.js",
    "start": 1612619041079,
    "end": 1612619041080,
    "duration": 1,
    "pid": 22348,
    "index": 64
  },
  {
    "name": "Require(55) node_modules/egg-cors/app.js",
    "start": 1612619041080,
    "end": 1612619041081,
    "duration": 1,
    "pid": 22348,
    "index": 65
  },
  {
    "name": "Before Start in node_modules/egg-watcher/lib/init.js:15:14",
    "start": 1612619041090,
    "end": 1612619041592,
    "duration": 502,
    "pid": 22348,
    "index": 66
  },
  {
    "name": "Before Start in node_modules/egg-mongoose/lib/mongoose.js:104:7",
    "start": 1612619041433,
    "end": 1612619041590,
    "duration": 157,
    "pid": 22348,
    "index": 67
  },
  {
    "name": "Before Start in node_modules/egg-mongoose/lib/mongoose.js:52:9",
    "start": 1612619041434,
    "end": 1612619041576,
    "duration": 142,
    "pid": 22348,
    "index": 68
  },
  {
    "name": "Load Service",
    "start": 1612619041434,
    "end": 1612619041461,
    "duration": 27,
    "pid": 22348,
    "index": 69
  },
  {
    "name": "Load \"service\" to Context",
    "start": 1612619041434,
    "end": 1612619041461,
    "duration": 27,
    "pid": 22348,
    "index": 70
  },
  {
    "name": "Load Middleware",
    "start": 1612619041461,
    "end": 1612619041542,
    "duration": 81,
    "pid": 22348,
    "index": 71
  },
  {
    "name": "Load \"middlewares\" to Application",
    "start": 1612619041461,
    "end": 1612619041534,
    "duration": 73,
    "pid": 22348,
    "index": 72
  },
  {
    "name": "Load Controller",
    "start": 1612619041542,
    "end": 1612619041546,
    "duration": 4,
    "pid": 22348,
    "index": 73
  },
  {
    "name": "Load \"controller\" to Application",
    "start": 1612619041542,
    "end": 1612619041546,
    "duration": 4,
    "pid": 22348,
    "index": 74
  },
  {
    "name": "Load Router",
    "start": 1612619041546,
    "end": 1612619041549,
    "duration": 3,
    "pid": 22348,
    "index": 75
  },
  {
    "name": "Require(56) app/router.js",
    "start": 1612619041546,
    "end": 1612619041546,
    "duration": 0,
    "pid": 22348,
    "index": 76
  },
  {
    "name": "Before Start in node_modules/egg-core/lib/egg.js:303:10",
    "start": 1612619041546,
    "end": 1612619041576,
    "duration": 30,
    "pid": 22348,
    "index": 77
  },
  {
    "name": "Load \"model\" to Application",
    "start": 1612619041555,
    "end": 1612619041575,
    "duration": 20,
    "pid": 22348,
    "index": 78
  }
]