[
  {
    "name": "Process Start",
    "start": 1612618787788,
    "end": 1612618788562,
    "duration": 774,
    "pid": 12040,
    "index": 0
  },
  {
    "name": "Application Start",
    "start": 1612618788562,
    "end": 1612618789264,
    "duration": 702,
    "pid": 12040,
    "index": 1
  },
  {
    "name": "Load Plugin",
    "start": 1612618788566,
    "end": 1612618788582,
    "duration": 16,
    "pid": 12040,
    "index": 2
  },
  {
    "name": "Load Config",
    "start": 1612618788582,
    "end": 1612618788601,
    "duration": 19,
    "pid": 12040,
    "index": 3
  },
  {
    "name": "Require(0) config/config.default.js",
    "start": 1612618788583,
    "end": 1612618788583,
    "duration": 0,
    "pid": 12040,
    "index": 4
  },
  {
    "name": "Require(1) config/config.local.js",
    "start": 1612618788584,
    "end": 1612618788584,
    "duration": 0,
    "pid": 12040,
    "index": 5
  },
  {
    "name": "Require(2) node_modules/egg-session/config/config.default.js",
    "start": 1612618788585,
    "end": 1612618788585,
    "duration": 0,
    "pid": 12040,
    "index": 6
  },
  {
    "name": "Require(3) node_modules/egg-security/config/config.default.js",
    "start": 1612618788586,
    "end": 1612618788586,
    "duration": 0,
    "pid": 12040,
    "index": 7
  },
  {
    "name": "Require(4) node_modules/egg-jsonp/config/config.default.js",
    "start": 1612618788586,
    "end": 1612618788587,
    "duration": 1,
    "pid": 12040,
    "index": 8
  },
  {
    "name": "Require(5) node_modules/egg-onerror/config/config.default.js",
    "start": 1612618788587,
    "end": 1612618788588,
    "duration": 1,
    "pid": 12040,
    "index": 9
  },
  {
    "name": "Require(6) node_modules/egg-i18n/config/config.default.js",
    "start": 1612618788588,
    "end": 1612618788588,
    "duration": 0,
    "pid": 12040,
    "index": 10
  },
  {
    "name": "Require(7) node_modules/egg-watcher/config/config.default.js",
    "start": 1612618788589,
    "end": 1612618788589,
    "duration": 0,
    "pid": 12040,
    "index": 11
  },
  {
    "name": "Require(8) node_modules/egg-schedule/config/config.default.js",
    "start": 1612618788589,
    "end": 1612618788590,
    "duration": 1,
    "pid": 12040,
    "index": 12
  },
  {
    "name": "Require(9) node_modules/egg-multipart/config/config.default.js",
    "start": 1612618788590,
    "end": 1612618788591,
    "duration": 1,
    "pid": 12040,
    "index": 13
  },
  {
    "name": "Require(10) node_modules/egg-development/config/config.default.js",
    "start": 1612618788591,
    "end": 1612618788591,
    "duration": 0,
    "pid": 12040,
    "index": 14
  },
  {
    "name": "Require(11) node_modules/egg-logrotator/config/config.default.js",
    "start": 1612618788592,
    "end": 1612618788592,
    "duration": 0,
    "pid": 12040,
    "index": 15
  },
  {
    "name": "Require(12) node_modules/egg-static/config/config.default.js",
    "start": 1612618788592,
    "end": 1612618788593,
    "duration": 1,
    "pid": 12040,
    "index": 16
  },
  {
    "name": "Require(13) node_modules/egg-view/config/config.default.js",
    "start": 1612618788593,
    "end": 1612618788593,
    "duration": 0,
    "pid": 12040,
    "index": 17
  },
  {
    "name": "Require(14) node_modules/egg-mongoose/config/config.default.js",
    "start": 1612618788594,
    "end": 1612618788594,
    "duration": 0,
    "pid": 12040,
    "index": 18
  },
  {
    "name": "Require(15) node_modules/egg-validate/config/config.default.js",
    "start": 1612618788594,
    "end": 1612618788595,
    "duration": 1,
    "pid": 12040,
    "index": 19
  },
  {
    "name": "Require(16) node_modules/egg-cors/config/config.default.js",
    "start": 1612618788595,
    "end": 1612618788595,
    "duration": 0,
    "pid": 12040,
    "index": 20
  },
  {
    "name": "Require(17) node_modules/egg/config/config.default.js",
    "start": 1612618788596,
    "end": 1612618788596,
    "duration": 0,
    "pid": 12040,
    "index": 21
  },
  {
    "name": "Require(18) config/config.default.js",
    "start": 1612618788597,
    "end": 1612618788597,
    "duration": 0,
    "pid": 12040,
    "index": 22
  },
  {
    "name": "Require(19) node_modules/egg-security/config/config.local.js",
    "start": 1612618788597,
    "end": 1612618788598,
    "duration": 1,
    "pid": 12040,
    "index": 23
  },
  {
    "name": "Require(20) node_modules/egg-watcher/config/config.local.js",
    "start": 1612618788598,
    "end": 1612618788599,
    "duration": 1,
    "pid": 12040,
    "index": 24
  },
  {
    "name": "Require(21) node_modules/egg-view/config/config.local.js",
    "start": 1612618788600,
    "end": 1612618788600,
    "duration": 0,
    "pid": 12040,
    "index": 25
  },
  {
    "name": "Require(22) node_modules/egg/config/config.local.js",
    "start": 1612618788601,
    "end": 1612618788601,
    "duration": 0,
    "pid": 12040,
    "index": 26
  },
  {
    "name": "Require(23) config/config.local.js",
    "start": 1612618788601,
    "end": 1612618788601,
    "duration": 0,
    "pid": 12040,
    "index": 27
  },
  {
    "name": "Load extend/application.js",
    "start": 1612618788602,
    "end": 1612618788659,
    "duration": 57,
    "pid": 12040,
    "index": 28
  },
  {
    "name": "Require(24) node_modules/egg-session/app/extend/application.js",
    "start": 1612618788602,
    "end": 1612618788603,
    "duration": 1,
    "pid": 12040,
    "index": 29
  },
  {
    "name": "Require(25) node_modules/egg-security/app/extend/application.js",
    "start": 1612618788603,
    "end": 1612618788604,
    "duration": 1,
    "pid": 12040,
    "index": 30
  },
  {
    "name": "Require(26) node_modules/egg-jsonp/app/extend/application.js",
    "start": 1612618788604,
    "end": 1612618788605,
    "duration": 1,
    "pid": 12040,
    "index": 31
  },
  {
    "name": "Require(27) node_modules/egg-logrotator/app/extend/application.js",
    "start": 1612618788606,
    "end": 1612618788612,
    "duration": 6,
    "pid": 12040,
    "index": 32
  },
  {
    "name": "Require(28) node_modules/egg-view/app/extend/application.js",
    "start": 1612618788612,
    "end": 1612618788613,
    "duration": 1,
    "pid": 12040,
    "index": 33
  },
  {
    "name": "Require(29) app/extend/application.js",
    "start": 1612618788614,
    "end": 1612618788655,
    "duration": 41,
    "pid": 12040,
    "index": 34
  },
  {
    "name": "Load extend/request.js",
    "start": 1612618788659,
    "end": 1612618788667,
    "duration": 8,
    "pid": 12040,
    "index": 35
  },
  {
    "name": "Require(30) node_modules/egg/app/extend/request.js",
    "start": 1612618788664,
    "end": 1612618788665,
    "duration": 1,
    "pid": 12040,
    "index": 36
  },
  {
    "name": "Load extend/response.js",
    "start": 1612618788667,
    "end": 1612618788674,
    "duration": 7,
    "pid": 12040,
    "index": 37
  },
  {
    "name": "Require(31) node_modules/egg/app/extend/response.js",
    "start": 1612618788669,
    "end": 1612618788671,
    "duration": 2,
    "pid": 12040,
    "index": 38
  },
  {
    "name": "Load extend/context.js",
    "start": 1612618788674,
    "end": 1612618788725,
    "duration": 51,
    "pid": 12040,
    "index": 39
  },
  {
    "name": "Require(32) node_modules/egg-security/app/extend/context.js",
    "start": 1612618788674,
    "end": 1612618788685,
    "duration": 11,
    "pid": 12040,
    "index": 40
  },
  {
    "name": "Require(33) node_modules/egg-jsonp/app/extend/context.js",
    "start": 1612618788685,
    "end": 1612618788686,
    "duration": 1,
    "pid": 12040,
    "index": 41
  },
  {
    "name": "Require(34) node_modules/egg-i18n/app/extend/context.js",
    "start": 1612618788687,
    "end": 1612618788687,
    "duration": 0,
    "pid": 12040,
    "index": 42
  },
  {
    "name": "Require(35) node_modules/egg-multipart/app/extend/context.js",
    "start": 1612618788688,
    "end": 1612618788719,
    "duration": 31,
    "pid": 12040,
    "index": 43
  },
  {
    "name": "Require(36) node_modules/egg-view/app/extend/context.js",
    "start": 1612618788720,
    "end": 1612618788721,
    "duration": 1,
    "pid": 12040,
    "index": 44
  },
  {
    "name": "Require(37) node_modules/egg-mongoose/app/extend/context.js",
    "start": 1612618788721,
    "end": 1612618788721,
    "duration": 0,
    "pid": 12040,
    "index": 45
  },
  {
    "name": "Require(38) node_modules/egg-validate/app/extend/context.js",
    "start": 1612618788722,
    "end": 1612618788722,
    "duration": 0,
    "pid": 12040,
    "index": 46
  },
  {
    "name": "Require(39) node_modules/egg/app/extend/context.js",
    "start": 1612618788722,
    "end": 1612618788723,
    "duration": 1,
    "pid": 12040,
    "index": 47
  },
  {
    "name": "Load extend/helper.js",
    "start": 1612618788726,
    "end": 1612618788756,
    "duration": 30,
    "pid": 12040,
    "index": 48
  },
  {
    "name": "Require(40) node_modules/egg-security/app/extend/helper.js",
    "start": 1612618788726,
    "end": 1612618788738,
    "duration": 12,
    "pid": 12040,
    "index": 49
  },
  {
    "name": "Require(41) node_modules/egg/app/extend/helper.js",
    "start": 1612618788740,
    "end": 1612618788740,
    "duration": 0,
    "pid": 12040,
    "index": 50
  },
  {
    "name": "Require(42) app/extend/helper.js",
    "start": 1612618788740,
    "end": 1612618788754,
    "duration": 14,
    "pid": 12040,
    "index": 51
  },
  {
    "name": "Load app.js",
    "start": 1612618788757,
    "end": 1612618788781,
    "duration": 24,
    "pid": 12040,
    "index": 52
  },
  {
    "name": "Require(43) node_modules/egg-session/app.js",
    "start": 1612618788757,
    "end": 1612618788757,
    "duration": 0,
    "pid": 12040,
    "index": 53
  },
  {
    "name": "Require(44) node_modules/egg-security/app.js",
    "start": 1612618788758,
    "end": 1612618788759,
    "duration": 1,
    "pid": 12040,
    "index": 54
  },
  {
    "name": "Require(45) node_modules/egg-onerror/app.js",
    "start": 1612618788759,
    "end": 1612618788764,
    "duration": 5,
    "pid": 12040,
    "index": 55
  },
  {
    "name": "Require(46) node_modules/egg-i18n/app.js",
    "start": 1612618788765,
    "end": 1612618788772,
    "duration": 7,
    "pid": 12040,
    "index": 56
  },
  {
    "name": "Require(47) node_modules/egg-watcher/app.js",
    "start": 1612618788772,
    "end": 1612618788775,
    "duration": 3,
    "pid": 12040,
    "index": 57
  },
  {
    "name": "Require(48) node_modules/egg-schedule/app.js",
    "start": 1612618788775,
    "end": 1612618788776,
    "duration": 1,
    "pid": 12040,
    "index": 58
  },
  {
    "name": "Require(49) node_modules/egg-multipart/app.js",
    "start": 1612618788776,
    "end": 1612618788777,
    "duration": 1,
    "pid": 12040,
    "index": 59
  },
  {
    "name": "Require(50) node_modules/egg-development/app.js",
    "start": 1612618788777,
    "end": 1612618788777,
    "duration": 0,
    "pid": 12040,
    "index": 60
  },
  {
    "name": "Require(51) node_modules/egg-logrotator/app.js",
    "start": 1612618788778,
    "end": 1612618788778,
    "duration": 0,
    "pid": 12040,
    "index": 61
  },
  {
    "name": "Require(52) node_modules/egg-static/app.js",
    "start": 1612618788778,
    "end": 1612618788778,
    "duration": 0,
    "pid": 12040,
    "index": 62
  },
  {
    "name": "Require(53) node_modules/egg-mongoose/app.js",
    "start": 1612618788779,
    "end": 1612618788779,
    "duration": 0,
    "pid": 12040,
    "index": 63
  },
  {
    "name": "Require(54) node_modules/egg-validate/app.js",
    "start": 1612618788779,
    "end": 1612618788780,
    "duration": 1,
    "pid": 12040,
    "index": 64
  },
  {
    "name": "Require(55) node_modules/egg-cors/app.js",
    "start": 1612618788781,
    "end": 1612618788781,
    "duration": 0,
    "pid": 12040,
    "index": 65
  },
  {
    "name": "Before Start in node_modules/egg-watcher/lib/init.js:15:14",
    "start": 1612618788791,
    "end": 1612618789264,
    "duration": 473,
    "pid": 12040,
    "index": 66
  },
  {
    "name": "Before Start in node_modules/egg-mongoose/lib/mongoose.js:104:7",
    "start": 1612618789116,
    "end": 1612618789262,
    "duration": 146,
    "pid": 12040,
    "index": 67
  },
  {
    "name": "Before Start in node_modules/egg-mongoose/lib/mongoose.js:52:9",
    "start": 1612618789116,
    "end": 1612618789250,
    "duration": 134,
    "pid": 12040,
    "index": 68
  },
  {
    "name": "Load Service",
    "start": 1612618789116,
    "end": 1612618789144,
    "duration": 28,
    "pid": 12040,
    "index": 69
  },
  {
    "name": "Load \"service\" to Context",
    "start": 1612618789116,
    "end": 1612618789144,
    "duration": 28,
    "pid": 12040,
    "index": 70
  },
  {
    "name": "Load Middleware",
    "start": 1612618789144,
    "end": 1612618789219,
    "duration": 75,
    "pid": 12040,
    "index": 71
  },
  {
    "name": "Load \"middlewares\" to Application",
    "start": 1612618789144,
    "end": 1612618789211,
    "duration": 67,
    "pid": 12040,
    "index": 72
  },
  {
    "name": "Load Controller",
    "start": 1612618789219,
    "end": 1612618789222,
    "duration": 3,
    "pid": 12040,
    "index": 73
  },
  {
    "name": "Load \"controller\" to Application",
    "start": 1612618789219,
    "end": 1612618789222,
    "duration": 3,
    "pid": 12040,
    "index": 74
  },
  {
    "name": "Load Router",
    "start": 1612618789222,
    "end": 1612618789225,
    "duration": 3,
    "pid": 12040,
    "index": 75
  },
  {
    "name": "Require(56) app/router.js",
    "start": 1612618789223,
    "end": 1612618789223,
    "duration": 0,
    "pid": 12040,
    "index": 76
  },
  {
    "name": "Before Start in node_modules/egg-core/lib/egg.js:303:10",
    "start": 1612618789223,
    "end": 1612618789250,
    "duration": 27,
    "pid": 12040,
    "index": 77
  },
  {
    "name": "Load \"model\" to Application",
    "start": 1612618789232,
    "end": 1612618789249,
    "duration": 17,
    "pid": 12040,
    "index": 78
  }
]