[
  {
    "name": "Process Start",
    "start": 1612618911719,
    "end": 1612618912481,
    "duration": 762,
    "pid": 15080,
    "index": 0
  },
  {
    "name": "Application Start",
    "start": 1612618912481,
    "end": 1612618913177,
    "duration": 696,
    "pid": 15080,
    "index": 1
  },
  {
    "name": "Load Plugin",
    "start": 1612618912485,
    "end": 1612618912501,
    "duration": 16,
    "pid": 15080,
    "index": 2
  },
  {
    "name": "Load Config",
    "start": 1612618912501,
    "end": 1612618912520,
    "duration": 19,
    "pid": 15080,
    "index": 3
  },
  {
    "name": "Require(0) config/config.default.js",
    "start": 1612618912502,
    "end": 1612618912502,
    "duration": 0,
    "pid": 15080,
    "index": 4
  },
  {
    "name": "Require(1) config/config.local.js",
    "start": 1612618912503,
    "end": 1612618912504,
    "duration": 1,
    "pid": 15080,
    "index": 5
  },
  {
    "name": "Require(2) node_modules/egg-session/config/config.default.js",
    "start": 1612618912504,
    "end": 1612618912504,
    "duration": 0,
    "pid": 15080,
    "index": 6
  },
  {
    "name": "Require(3) node_modules/egg-security/config/config.default.js",
    "start": 1612618912505,
    "end": 1612618912505,
    "duration": 0,
    "pid": 15080,
    "index": 7
  },
  {
    "name": "Require(4) node_modules/egg-jsonp/config/config.default.js",
    "start": 1612618912506,
    "end": 1612618912506,
    "duration": 0,
    "pid": 15080,
    "index": 8
  },
  {
    "name": "Require(5) node_modules/egg-onerror/config/config.default.js",
    "start": 1612618912506,
    "end": 1612618912507,
    "duration": 1,
    "pid": 15080,
    "index": 9
  },
  {
    "name": "Require(6) node_modules/egg-i18n/config/config.default.js",
    "start": 1612618912507,
    "end": 1612618912507,
    "duration": 0,
    "pid": 15080,
    "index": 10
  },
  {
    "name": "Require(7) node_modules/egg-watcher/config/config.default.js",
    "start": 1612618912508,
    "end": 1612618912508,
    "duration": 0,
    "pid": 15080,
    "index": 11
  },
  {
    "name": "Require(8) node_modules/egg-schedule/config/config.default.js",
    "start": 1612618912509,
    "end": 1612618912509,
    "duration": 0,
    "pid": 15080,
    "index": 12
  },
  {
    "name": "Require(9) node_modules/egg-multipart/config/config.default.js",
    "start": 1612618912509,
    "end": 1612618912510,
    "duration": 1,
    "pid": 15080,
    "index": 13
  },
  {
    "name": "Require(10) node_modules/egg-development/config/config.default.js",
    "start": 1612618912510,
    "end": 1612618912511,
    "duration": 1,
    "pid": 15080,
    "index": 14
  },
  {
    "name": "Require(11) node_modules/egg-logrotator/config/config.default.js",
    "start": 1612618912511,
    "end": 1612618912511,
    "duration": 0,
    "pid": 15080,
    "index": 15
  },
  {
    "name": "Require(12) node_modules/egg-static/config/config.default.js",
    "start": 1612618912512,
    "end": 1612618912512,
    "duration": 0,
    "pid": 15080,
    "index": 16
  },
  {
    "name": "Require(13) node_modules/egg-view/config/config.default.js",
    "start": 1612618912512,
    "end": 1612618912513,
    "duration": 1,
    "pid": 15080,
    "index": 17
  },
  {
    "name": "Require(14) node_modules/egg-mongoose/config/config.default.js",
    "start": 1612618912513,
    "end": 1612618912513,
    "duration": 0,
    "pid": 15080,
    "index": 18
  },
  {
    "name": "Require(15) node_modules/egg-validate/config/config.default.js",
    "start": 1612618912514,
    "end": 1612618912514,
    "duration": 0,
    "pid": 15080,
    "index": 19
  },
  {
    "name": "Require(16) node_modules/egg-cors/config/config.default.js",
    "start": 1612618912514,
    "end": 1612618912515,
    "duration": 1,
    "pid": 15080,
    "index": 20
  },
  {
    "name": "Require(17) node_modules/egg/config/config.default.js",
    "start": 1612618912515,
    "end": 1612618912515,
    "duration": 0,
    "pid": 15080,
    "index": 21
  },
  {
    "name": "Require(18) config/config.default.js",
    "start": 1612618912516,
    "end": 1612618912516,
    "duration": 0,
    "pid": 15080,
    "index": 22
  },
  {
    "name": "Require(19) node_modules/egg-security/config/config.local.js",
    "start": 1612618912517,
    "end": 1612618912517,
    "duration": 0,
    "pid": 15080,
    "index": 23
  },
  {
    "name": "Require(20) node_modules/egg-watcher/config/config.local.js",
    "start": 1612618912518,
    "end": 1612618912518,
    "duration": 0,
    "pid": 15080,
    "index": 24
  },
  {
    "name": "Require(21) node_modules/egg-view/config/config.local.js",
    "start": 1612618912519,
    "end": 1612618912519,
    "duration": 0,
    "pid": 15080,
    "index": 25
  },
  {
    "name": "Require(22) node_modules/egg/config/config.local.js",
    "start": 1612618912520,
    "end": 1612618912520,
    "duration": 0,
    "pid": 15080,
    "index": 26
  },
  {
    "name": "Require(23) config/config.local.js",
    "start": 1612618912520,
    "end": 1612618912520,
    "duration": 0,
    "pid": 15080,
    "index": 27
  },
  {
    "name": "Load extend/application.js",
    "start": 1612618912521,
    "end": 1612618912577,
    "duration": 56,
    "pid": 15080,
    "index": 28
  },
  {
    "name": "Require(24) node_modules/egg-session/app/extend/application.js",
    "start": 1612618912521,
    "end": 1612618912522,
    "duration": 1,
    "pid": 15080,
    "index": 29
  },
  {
    "name": "Require(25) node_modules/egg-security/app/extend/application.js",
    "start": 1612618912522,
    "end": 1612618912523,
    "duration": 1,
    "pid": 15080,
    "index": 30
  },
  {
    "name": "Require(26) node_modules/egg-jsonp/app/extend/application.js",
    "start": 1612618912523,
    "end": 1612618912524,
    "duration": 1,
    "pid": 15080,
    "index": 31
  },
  {
    "name": "Require(27) node_modules/egg-logrotator/app/extend/application.js",
    "start": 1612618912526,
    "end": 1612618912531,
    "duration": 5,
    "pid": 15080,
    "index": 32
  },
  {
    "name": "Require(28) node_modules/egg-view/app/extend/application.js",
    "start": 1612618912532,
    "end": 1612618912533,
    "duration": 1,
    "pid": 15080,
    "index": 33
  },
  {
    "name": "Require(29) app/extend/application.js",
    "start": 1612618912534,
    "end": 1612618912575,
    "duration": 41,
    "pid": 15080,
    "index": 34
  },
  {
    "name": "Load extend/request.js",
    "start": 1612618912577,
    "end": 1612618912583,
    "duration": 6,
    "pid": 15080,
    "index": 35
  },
  {
    "name": "Require(30) node_modules/egg/app/extend/request.js",
    "start": 1612618912580,
    "end": 1612618912581,
    "duration": 1,
    "pid": 15080,
    "index": 36
  },
  {
    "name": "Load extend/response.js",
    "start": 1612618912583,
    "end": 1612618912589,
    "duration": 6,
    "pid": 15080,
    "index": 37
  },
  {
    "name": "Require(31) node_modules/egg/app/extend/response.js",
    "start": 1612618912585,
    "end": 1612618912586,
    "duration": 1,
    "pid": 15080,
    "index": 38
  },
  {
    "name": "Load extend/context.js",
    "start": 1612618912589,
    "end": 1612618912639,
    "duration": 50,
    "pid": 15080,
    "index": 39
  },
  {
    "name": "Require(32) node_modules/egg-security/app/extend/context.js",
    "start": 1612618912589,
    "end": 1612618912600,
    "duration": 11,
    "pid": 15080,
    "index": 40
  },
  {
    "name": "Require(33) node_modules/egg-jsonp/app/extend/context.js",
    "start": 1612618912600,
    "end": 1612618912601,
    "duration": 1,
    "pid": 15080,
    "index": 41
  },
  {
    "name": "Require(34) node_modules/egg-i18n/app/extend/context.js",
    "start": 1612618912601,
    "end": 1612618912602,
    "duration": 1,
    "pid": 15080,
    "index": 42
  },
  {
    "name": "Require(35) node_modules/egg-multipart/app/extend/context.js",
    "start": 1612618912602,
    "end": 1612618912633,
    "duration": 31,
    "pid": 15080,
    "index": 43
  },
  {
    "name": "Require(36) node_modules/egg-view/app/extend/context.js",
    "start": 1612618912634,
    "end": 1612618912635,
    "duration": 1,
    "pid": 15080,
    "index": 44
  },
  {
    "name": "Require(37) node_modules/egg-mongoose/app/extend/context.js",
    "start": 1612618912635,
    "end": 1612618912635,
    "duration": 0,
    "pid": 15080,
    "index": 45
  },
  {
    "name": "Require(38) node_modules/egg-validate/app/extend/context.js",
    "start": 1612618912636,
    "end": 1612618912636,
    "duration": 0,
    "pid": 15080,
    "index": 46
  },
  {
    "name": "Require(39) node_modules/egg/app/extend/context.js",
    "start": 1612618912636,
    "end": 1612618912637,
    "duration": 1,
    "pid": 15080,
    "index": 47
  },
  {
    "name": "Load extend/helper.js",
    "start": 1612618912639,
    "end": 1612618912672,
    "duration": 33,
    "pid": 15080,
    "index": 48
  },
  {
    "name": "Require(40) node_modules/egg-security/app/extend/helper.js",
    "start": 1612618912640,
    "end": 1612618912654,
    "duration": 14,
    "pid": 15080,
    "index": 49
  },
  {
    "name": "Require(41) node_modules/egg/app/extend/helper.js",
    "start": 1612618912656,
    "end": 1612618912656,
    "duration": 0,
    "pid": 15080,
    "index": 50
  },
  {
    "name": "Require(42) app/extend/helper.js",
    "start": 1612618912656,
    "end": 1612618912669,
    "duration": 13,
    "pid": 15080,
    "index": 51
  },
  {
    "name": "Load app.js",
    "start": 1612618912672,
    "end": 1612618912696,
    "duration": 24,
    "pid": 15080,
    "index": 52
  },
  {
    "name": "Require(43) node_modules/egg-session/app.js",
    "start": 1612618912672,
    "end": 1612618912672,
    "duration": 0,
    "pid": 15080,
    "index": 53
  },
  {
    "name": "Require(44) node_modules/egg-security/app.js",
    "start": 1612618912673,
    "end": 1612618912674,
    "duration": 1,
    "pid": 15080,
    "index": 54
  },
  {
    "name": "Require(45) node_modules/egg-onerror/app.js",
    "start": 1612618912674,
    "end": 1612618912679,
    "duration": 5,
    "pid": 15080,
    "index": 55
  },
  {
    "name": "Require(46) node_modules/egg-i18n/app.js",
    "start": 1612618912680,
    "end": 1612618912687,
    "duration": 7,
    "pid": 15080,
    "index": 56
  },
  {
    "name": "Require(47) node_modules/egg-watcher/app.js",
    "start": 1612618912687,
    "end": 1612618912690,
    "duration": 3,
    "pid": 15080,
    "index": 57
  },
  {
    "name": "Require(48) node_modules/egg-schedule/app.js",
    "start": 1612618912690,
    "end": 1612618912691,
    "duration": 1,
    "pid": 15080,
    "index": 58
  },
  {
    "name": "Require(49) node_modules/egg-multipart/app.js",
    "start": 1612618912691,
    "end": 1612618912691,
    "duration": 0,
    "pid": 15080,
    "index": 59
  },
  {
    "name": "Require(50) node_modules/egg-development/app.js",
    "start": 1612618912692,
    "end": 1612618912692,
    "duration": 0,
    "pid": 15080,
    "index": 60
  },
  {
    "name": "Require(51) node_modules/egg-logrotator/app.js",
    "start": 1612618912692,
    "end": 1612618912692,
    "duration": 0,
    "pid": 15080,
    "index": 61
  },
  {
    "name": "Require(52) node_modules/egg-static/app.js",
    "start": 1612618912692,
    "end": 1612618912693,
    "duration": 1,
    "pid": 15080,
    "index": 62
  },
  {
    "name": "Require(53) node_modules/egg-mongoose/app.js",
    "start": 1612618912693,
    "end": 1612618912693,
    "duration": 0,
    "pid": 15080,
    "index": 63
  },
  {
    "name": "Require(54) node_modules/egg-validate/app.js",
    "start": 1612618912693,
    "end": 1612618912695,
    "duration": 2,
    "pid": 15080,
    "index": 64
  },
  {
    "name": "Require(55) node_modules/egg-cors/app.js",
    "start": 1612618912695,
    "end": 1612618912695,
    "duration": 0,
    "pid": 15080,
    "index": 65
  },
  {
    "name": "Before Start in node_modules/egg-watcher/lib/init.js:15:14",
    "start": 1612618912704,
    "end": 1612618913177,
    "duration": 473,
    "pid": 15080,
    "index": 66
  },
  {
    "name": "Before Start in node_modules/egg-mongoose/lib/mongoose.js:104:7",
    "start": 1612618913028,
    "end": 1612618913175,
    "duration": 147,
    "pid": 15080,
    "index": 67
  },
  {
    "name": "Before Start in node_modules/egg-mongoose/lib/mongoose.js:52:9",
    "start": 1612618913029,
    "end": 1612618913163,
    "duration": 134,
    "pid": 15080,
    "index": 68
  },
  {
    "name": "Load Service",
    "start": 1612618913029,
    "end": 1612618913055,
    "duration": 26,
    "pid": 15080,
    "index": 69
  },
  {
    "name": "Load \"service\" to Context",
    "start": 1612618913029,
    "end": 1612618913055,
    "duration": 26,
    "pid": 15080,
    "index": 70
  },
  {
    "name": "Load Middleware",
    "start": 1612618913055,
    "end": 1612618913134,
    "duration": 79,
    "pid": 15080,
    "index": 71
  },
  {
    "name": "Load \"middlewares\" to Application",
    "start": 1612618913055,
    "end": 1612618913126,
    "duration": 71,
    "pid": 15080,
    "index": 72
  },
  {
    "name": "Load Controller",
    "start": 1612618913134,
    "end": 1612618913138,
    "duration": 4,
    "pid": 15080,
    "index": 73
  },
  {
    "name": "Load \"controller\" to Application",
    "start": 1612618913134,
    "end": 1612618913138,
    "duration": 4,
    "pid": 15080,
    "index": 74
  },
  {
    "name": "Load Router",
    "start": 1612618913138,
    "end": 1612618913140,
    "duration": 2,
    "pid": 15080,
    "index": 75
  },
  {
    "name": "Require(56) app/router.js",
    "start": 1612618913138,
    "end": 1612618913138,
    "duration": 0,
    "pid": 15080,
    "index": 76
  },
  {
    "name": "Before Start in node_modules/egg-core/lib/egg.js:303:10",
    "start": 1612618913138,
    "end": 1612618913163,
    "duration": 25,
    "pid": 15080,
    "index": 77
  },
  {
    "name": "Load \"model\" to Application",
    "start": 1612618913147,
    "end": 1612618913162,
    "duration": 15,
    "pid": 15080,
    "index": 78
  }
]