[
  {
    "name": "Process Start",
    "start": 1612618239789,
    "end": 1612618240550,
    "duration": 761,
    "pid": 21388,
    "index": 0
  },
  {
    "name": "Application Start",
    "start": 1612618240551,
    "end": 1612618241239,
    "duration": 688,
    "pid": 21388,
    "index": 1
  },
  {
    "name": "Load Plugin",
    "start": 1612618240555,
    "end": 1612618240571,
    "duration": 16,
    "pid": 21388,
    "index": 2
  },
  {
    "name": "Load Config",
    "start": 1612618240571,
    "end": 1612618240589,
    "duration": 18,
    "pid": 21388,
    "index": 3
  },
  {
    "name": "Require(0) config/config.default.js",
    "start": 1612618240571,
    "end": 1612618240571,
    "duration": 0,
    "pid": 21388,
    "index": 4
  },
  {
    "name": "Require(1) config/config.local.js",
    "start": 1612618240572,
    "end": 1612618240573,
    "duration": 1,
    "pid": 21388,
    "index": 5
  },
  {
    "name": "Require(2) node_modules/egg-session/config/config.default.js",
    "start": 1612618240574,
    "end": 1612618240574,
    "duration": 0,
    "pid": 21388,
    "index": 6
  },
  {
    "name": "Require(3) node_modules/egg-security/config/config.default.js",
    "start": 1612618240574,
    "end": 1612618240575,
    "duration": 1,
    "pid": 21388,
    "index": 7
  },
  {
    "name": "Require(4) node_modules/egg-jsonp/config/config.default.js",
    "start": 1612618240575,
    "end": 1612618240576,
    "duration": 1,
    "pid": 21388,
    "index": 8
  },
  {
    "name": "Require(5) node_modules/egg-onerror/config/config.default.js",
    "start": 1612618240576,
    "end": 1612618240576,
    "duration": 0,
    "pid": 21388,
    "index": 9
  },
  {
    "name": "Require(6) node_modules/egg-i18n/config/config.default.js",
    "start": 1612618240577,
    "end": 1612618240577,
    "duration": 0,
    "pid": 21388,
    "index": 10
  },
  {
    "name": "Require(7) node_modules/egg-watcher/config/config.default.js",
    "start": 1612618240578,
    "end": 1612618240578,
    "duration": 0,
    "pid": 21388,
    "index": 11
  },
  {
    "name": "Require(8) node_modules/egg-schedule/config/config.default.js",
    "start": 1612618240578,
    "end": 1612618240579,
    "duration": 1,
    "pid": 21388,
    "index": 12
  },
  {
    "name": "Require(9) node_modules/egg-multipart/config/config.default.js",
    "start": 1612618240579,
    "end": 1612618240579,
    "duration": 0,
    "pid": 21388,
    "index": 13
  },
  {
    "name": "Require(10) node_modules/egg-development/config/config.default.js",
    "start": 1612618240580,
    "end": 1612618240580,
    "duration": 0,
    "pid": 21388,
    "index": 14
  },
  {
    "name": "Require(11) node_modules/egg-logrotator/config/config.default.js",
    "start": 1612618240580,
    "end": 1612618240581,
    "duration": 1,
    "pid": 21388,
    "index": 15
  },
  {
    "name": "Require(12) node_modules/egg-static/config/config.default.js",
    "start": 1612618240581,
    "end": 1612618240581,
    "duration": 0,
    "pid": 21388,
    "index": 16
  },
  {
    "name": "Require(13) node_modules/egg-view/config/config.default.js",
    "start": 1612618240582,
    "end": 1612618240582,
    "duration": 0,
    "pid": 21388,
    "index": 17
  },
  {
    "name": "Require(14) node_modules/egg-mongoose/config/config.default.js",
    "start": 1612618240582,
    "end": 1612618240583,
    "duration": 1,
    "pid": 21388,
    "index": 18
  },
  {
    "name": "Require(15) node_modules/egg-validate/config/config.default.js",
    "start": 1612618240583,
    "end": 1612618240583,
    "duration": 0,
    "pid": 21388,
    "index": 19
  },
  {
    "name": "Require(16) node_modules/egg-cors/config/config.default.js",
    "start": 1612618240584,
    "end": 1612618240584,
    "duration": 0,
    "pid": 21388,
    "index": 20
  },
  {
    "name": "Require(17) node_modules/egg/config/config.default.js",
    "start": 1612618240584,
    "end": 1612618240585,
    "duration": 1,
    "pid": 21388,
    "index": 21
  },
  {
    "name": "Require(18) config/config.default.js",
    "start": 1612618240586,
    "end": 1612618240586,
    "duration": 0,
    "pid": 21388,
    "index": 22
  },
  {
    "name": "Require(19) node_modules/egg-security/config/config.local.js",
    "start": 1612618240586,
    "end": 1612618240586,
    "duration": 0,
    "pid": 21388,
    "index": 23
  },
  {
    "name": "Require(20) node_modules/egg-watcher/config/config.local.js",
    "start": 1612618240587,
    "end": 1612618240587,
    "duration": 0,
    "pid": 21388,
    "index": 24
  },
  {
    "name": "Require(21) node_modules/egg-view/config/config.local.js",
    "start": 1612618240588,
    "end": 1612618240588,
    "duration": 0,
    "pid": 21388,
    "index": 25
  },
  {
    "name": "Require(22) node_modules/egg/config/config.local.js",
    "start": 1612618240589,
    "end": 1612618240589,
    "duration": 0,
    "pid": 21388,
    "index": 26
  },
  {
    "name": "Require(23) config/config.local.js",
    "start": 1612618240589,
    "end": 1612618240589,
    "duration": 0,
    "pid": 21388,
    "index": 27
  },
  {
    "name": "Load extend/application.js",
    "start": 1612618240590,
    "end": 1612618240644,
    "duration": 54,
    "pid": 21388,
    "index": 28
  },
  {
    "name": "Require(24) node_modules/egg-session/app/extend/application.js",
    "start": 1612618240591,
    "end": 1612618240591,
    "duration": 0,
    "pid": 21388,
    "index": 29
  },
  {
    "name": "Require(25) node_modules/egg-security/app/extend/application.js",
    "start": 1612618240591,
    "end": 1612618240592,
    "duration": 1,
    "pid": 21388,
    "index": 30
  },
  {
    "name": "Require(26) node_modules/egg-jsonp/app/extend/application.js",
    "start": 1612618240592,
    "end": 1612618240593,
    "duration": 1,
    "pid": 21388,
    "index": 31
  },
  {
    "name": "Require(27) node_modules/egg-logrotator/app/extend/application.js",
    "start": 1612618240594,
    "end": 1612618240600,
    "duration": 6,
    "pid": 21388,
    "index": 32
  },
  {
    "name": "Require(28) node_modules/egg-view/app/extend/application.js",
    "start": 1612618240600,
    "end": 1612618240601,
    "duration": 1,
    "pid": 21388,
    "index": 33
  },
  {
    "name": "Require(29) app/extend/application.js",
    "start": 1612618240602,
    "end": 1612618240642,
    "duration": 40,
    "pid": 21388,
    "index": 34
  },
  {
    "name": "Load extend/request.js",
    "start": 1612618240644,
    "end": 1612618240650,
    "duration": 6,
    "pid": 21388,
    "index": 35
  },
  {
    "name": "Require(30) node_modules/egg/app/extend/request.js",
    "start": 1612618240647,
    "end": 1612618240648,
    "duration": 1,
    "pid": 21388,
    "index": 36
  },
  {
    "name": "Load extend/response.js",
    "start": 1612618240650,
    "end": 1612618240656,
    "duration": 6,
    "pid": 21388,
    "index": 37
  },
  {
    "name": "Require(31) node_modules/egg/app/extend/response.js",
    "start": 1612618240652,
    "end": 1612618240654,
    "duration": 2,
    "pid": 21388,
    "index": 38
  },
  {
    "name": "Load extend/context.js",
    "start": 1612618240656,
    "end": 1612618240707,
    "duration": 51,
    "pid": 21388,
    "index": 39
  },
  {
    "name": "Require(32) node_modules/egg-security/app/extend/context.js",
    "start": 1612618240656,
    "end": 1612618240667,
    "duration": 11,
    "pid": 21388,
    "index": 40
  },
  {
    "name": "Require(33) node_modules/egg-jsonp/app/extend/context.js",
    "start": 1612618240667,
    "end": 1612618240668,
    "duration": 1,
    "pid": 21388,
    "index": 41
  },
  {
    "name": "Require(34) node_modules/egg-i18n/app/extend/context.js",
    "start": 1612618240669,
    "end": 1612618240669,
    "duration": 0,
    "pid": 21388,
    "index": 42
  },
  {
    "name": "Require(35) node_modules/egg-multipart/app/extend/context.js",
    "start": 1612618240670,
    "end": 1612618240701,
    "duration": 31,
    "pid": 21388,
    "index": 43
  },
  {
    "name": "Require(36) node_modules/egg-view/app/extend/context.js",
    "start": 1612618240701,
    "end": 1612618240702,
    "duration": 1,
    "pid": 21388,
    "index": 44
  },
  {
    "name": "Require(37) node_modules/egg-mongoose/app/extend/context.js",
    "start": 1612618240702,
    "end": 1612618240703,
    "duration": 1,
    "pid": 21388,
    "index": 45
  },
  {
    "name": "Require(38) node_modules/egg-validate/app/extend/context.js",
    "start": 1612618240703,
    "end": 1612618240703,
    "duration": 0,
    "pid": 21388,
    "index": 46
  },
  {
    "name": "Require(39) node_modules/egg/app/extend/context.js",
    "start": 1612618240704,
    "end": 1612618240704,
    "duration": 0,
    "pid": 21388,
    "index": 47
  },
  {
    "name": "Load extend/helper.js",
    "start": 1612618240707,
    "end": 1612618240738,
    "duration": 31,
    "pid": 21388,
    "index": 48
  },
  {
    "name": "Require(40) node_modules/egg-security/app/extend/helper.js",
    "start": 1612618240707,
    "end": 1612618240721,
    "duration": 14,
    "pid": 21388,
    "index": 49
  },
  {
    "name": "Require(41) node_modules/egg/app/extend/helper.js",
    "start": 1612618240723,
    "end": 1612618240723,
    "duration": 0,
    "pid": 21388,
    "index": 50
  },
  {
    "name": "Require(42) app/extend/helper.js",
    "start": 1612618240723,
    "end": 1612618240736,
    "duration": 13,
    "pid": 21388,
    "index": 51
  },
  {
    "name": "Load app.js",
    "start": 1612618240738,
    "end": 1612618240762,
    "duration": 24,
    "pid": 21388,
    "index": 52
  },
  {
    "name": "Require(43) node_modules/egg-session/app.js",
    "start": 1612618240739,
    "end": 1612618240739,
    "duration": 0,
    "pid": 21388,
    "index": 53
  },
  {
    "name": "Require(44) node_modules/egg-security/app.js",
    "start": 1612618240739,
    "end": 1612618240740,
    "duration": 1,
    "pid": 21388,
    "index": 54
  },
  {
    "name": "Require(45) node_modules/egg-onerror/app.js",
    "start": 1612618240741,
    "end": 1612618240746,
    "duration": 5,
    "pid": 21388,
    "index": 55
  },
  {
    "name": "Require(46) node_modules/egg-i18n/app.js",
    "start": 1612618240746,
    "end": 1612618240753,
    "duration": 7,
    "pid": 21388,
    "index": 56
  },
  {
    "name": "Require(47) node_modules/egg-watcher/app.js",
    "start": 1612618240754,
    "end": 1612618240756,
    "duration": 2,
    "pid": 21388,
    "index": 57
  },
  {
    "name": "Require(48) node_modules/egg-schedule/app.js",
    "start": 1612618240756,
    "end": 1612618240757,
    "duration": 1,
    "pid": 21388,
    "index": 58
  },
  {
    "name": "Require(49) node_modules/egg-multipart/app.js",
    "start": 1612618240757,
    "end": 1612618240758,
    "duration": 1,
    "pid": 21388,
    "index": 59
  },
  {
    "name": "Require(50) node_modules/egg-development/app.js",
    "start": 1612618240758,
    "end": 1612618240758,
    "duration": 0,
    "pid": 21388,
    "index": 60
  },
  {
    "name": "Require(51) node_modules/egg-logrotator/app.js",
    "start": 1612618240758,
    "end": 1612618240759,
    "duration": 1,
    "pid": 21388,
    "index": 61
  },
  {
    "name": "Require(52) node_modules/egg-static/app.js",
    "start": 1612618240759,
    "end": 1612618240759,
    "duration": 0,
    "pid": 21388,
    "index": 62
  },
  {
    "name": "Require(53) node_modules/egg-mongoose/app.js",
    "start": 1612618240759,
    "end": 1612618240760,
    "duration": 1,
    "pid": 21388,
    "index": 63
  },
  {
    "name": "Require(54) node_modules/egg-validate/app.js",
    "start": 1612618240760,
    "end": 1612618240761,
    "duration": 1,
    "pid": 21388,
    "index": 64
  },
  {
    "name": "Require(55) node_modules/egg-cors/app.js",
    "start": 1612618240761,
    "end": 1612618240761,
    "duration": 0,
    "pid": 21388,
    "index": 65
  },
  {
    "name": "Before Start in node_modules/egg-watcher/lib/init.js:15:14",
    "start": 1612618240770,
    "end": 1612618241238,
    "duration": 468,
    "pid": 21388,
    "index": 66
  },
  {
    "name": "Before Start in node_modules/egg-mongoose/lib/mongoose.js:104:7",
    "start": 1612618241093,
    "end": 1612618241237,
    "duration": 144,
    "pid": 21388,
    "index": 67
  },
  {
    "name": "Before Start in node_modules/egg-mongoose/lib/mongoose.js:52:9",
    "start": 1612618241093,
    "end": 1612618241224,
    "duration": 131,
    "pid": 21388,
    "index": 68
  },
  {
    "name": "Load Service",
    "start": 1612618241094,
    "end": 1612618241120,
    "duration": 26,
    "pid": 21388,
    "index": 69
  },
  {
    "name": "Load \"service\" to Context",
    "start": 1612618241094,
    "end": 1612618241120,
    "duration": 26,
    "pid": 21388,
    "index": 70
  },
  {
    "name": "Load Middleware",
    "start": 1612618241120,
    "end": 1612618241196,
    "duration": 76,
    "pid": 21388,
    "index": 71
  },
  {
    "name": "Load \"middlewares\" to Application",
    "start": 1612618241120,
    "end": 1612618241188,
    "duration": 68,
    "pid": 21388,
    "index": 72
  },
  {
    "name": "Load Controller",
    "start": 1612618241196,
    "end": 1612618241199,
    "duration": 3,
    "pid": 21388,
    "index": 73
  },
  {
    "name": "Load \"controller\" to Application",
    "start": 1612618241196,
    "end": 1612618241199,
    "duration": 3,
    "pid": 21388,
    "index": 74
  },
  {
    "name": "Load Router",
    "start": 1612618241199,
    "end": 1612618241202,
    "duration": 3,
    "pid": 21388,
    "index": 75
  },
  {
    "name": "Require(56) app/router.js",
    "start": 1612618241200,
    "end": 1612618241200,
    "duration": 0,
    "pid": 21388,
    "index": 76
  },
  {
    "name": "Before Start in node_modules/egg-core/lib/egg.js:303:10",
    "start": 1612618241200,
    "end": 1612618241224,
    "duration": 24,
    "pid": 21388,
    "index": 77
  },
  {
    "name": "Load \"model\" to Application",
    "start": 1612618241208,
    "end": 1612618241224,
    "duration": 16,
    "pid": 21388,
    "index": 78
  }
]