[
  {
    "name": "Process Start",
    "start": 1612619026035,
    "end": 1612619026796,
    "duration": 761,
    "pid": 24320,
    "index": 0
  },
  {
    "name": "Application Start",
    "start": 1612619026796,
    "end": 1612619027487,
    "duration": 691,
    "pid": 24320,
    "index": 1
  },
  {
    "name": "Load Plugin",
    "start": 1612619026800,
    "end": 1612619026816,
    "duration": 16,
    "pid": 24320,
    "index": 2
  },
  {
    "name": "Load Config",
    "start": 1612619026816,
    "end": 1612619026835,
    "duration": 19,
    "pid": 24320,
    "index": 3
  },
  {
    "name": "Require(0) config/config.default.js",
    "start": 1612619026817,
    "end": 1612619026817,
    "duration": 0,
    "pid": 24320,
    "index": 4
  },
  {
    "name": "Require(1) config/config.local.js",
    "start": 1612619026818,
    "end": 1612619026819,
    "duration": 1,
    "pid": 24320,
    "index": 5
  },
  {
    "name": "Require(2) node_modules/egg-session/config/config.default.js",
    "start": 1612619026819,
    "end": 1612619026819,
    "duration": 0,
    "pid": 24320,
    "index": 6
  },
  {
    "name": "Require(3) node_modules/egg-security/config/config.default.js",
    "start": 1612619026820,
    "end": 1612619026820,
    "duration": 0,
    "pid": 24320,
    "index": 7
  },
  {
    "name": "Require(4) node_modules/egg-jsonp/config/config.default.js",
    "start": 1612619026821,
    "end": 1612619026821,
    "duration": 0,
    "pid": 24320,
    "index": 8
  },
  {
    "name": "Require(5) node_modules/egg-onerror/config/config.default.js",
    "start": 1612619026821,
    "end": 1612619026822,
    "duration": 1,
    "pid": 24320,
    "index": 9
  },
  {
    "name": "Require(6) node_modules/egg-i18n/config/config.default.js",
    "start": 1612619026822,
    "end": 1612619026822,
    "duration": 0,
    "pid": 24320,
    "index": 10
  },
  {
    "name": "Require(7) node_modules/egg-watcher/config/config.default.js",
    "start": 1612619026823,
    "end": 1612619026823,
    "duration": 0,
    "pid": 24320,
    "index": 11
  },
  {
    "name": "Require(8) node_modules/egg-schedule/config/config.default.js",
    "start": 1612619026824,
    "end": 1612619026824,
    "duration": 0,
    "pid": 24320,
    "index": 12
  },
  {
    "name": "Require(9) node_modules/egg-multipart/config/config.default.js",
    "start": 1612619026824,
    "end": 1612619026825,
    "duration": 1,
    "pid": 24320,
    "index": 13
  },
  {
    "name": "Require(10) node_modules/egg-development/config/config.default.js",
    "start": 1612619026825,
    "end": 1612619026825,
    "duration": 0,
    "pid": 24320,
    "index": 14
  },
  {
    "name": "Require(11) node_modules/egg-logrotator/config/config.default.js",
    "start": 1612619026826,
    "end": 1612619026826,
    "duration": 0,
    "pid": 24320,
    "index": 15
  },
  {
    "name": "Require(12) node_modules/egg-static/config/config.default.js",
    "start": 1612619026826,
    "end": 1612619026827,
    "duration": 1,
    "pid": 24320,
    "index": 16
  },
  {
    "name": "Require(13) node_modules/egg-view/config/config.default.js",
    "start": 1612619026827,
    "end": 1612619026827,
    "duration": 0,
    "pid": 24320,
    "index": 17
  },
  {
    "name": "Require(14) node_modules/egg-mongoose/config/config.default.js",
    "start": 1612619026828,
    "end": 1612619026828,
    "duration": 0,
    "pid": 24320,
    "index": 18
  },
  {
    "name": "Require(15) node_modules/egg-validate/config/config.default.js",
    "start": 1612619026829,
    "end": 1612619026829,
    "duration": 0,
    "pid": 24320,
    "index": 19
  },
  {
    "name": "Require(16) node_modules/egg-cors/config/config.default.js",
    "start": 1612619026829,
    "end": 1612619026829,
    "duration": 0,
    "pid": 24320,
    "index": 20
  },
  {
    "name": "Require(17) node_modules/egg/config/config.default.js",
    "start": 1612619026830,
    "end": 1612619026830,
    "duration": 0,
    "pid": 24320,
    "index": 21
  },
  {
    "name": "Require(18) config/config.default.js",
    "start": 1612619026831,
    "end": 1612619026831,
    "duration": 0,
    "pid": 24320,
    "index": 22
  },
  {
    "name": "Require(19) node_modules/egg-security/config/config.local.js",
    "start": 1612619026831,
    "end": 1612619026832,
    "duration": 1,
    "pid": 24320,
    "index": 23
  },
  {
    "name": "Require(20) node_modules/egg-watcher/config/config.local.js",
    "start": 1612619026832,
    "end": 1612619026833,
    "duration": 1,
    "pid": 24320,
    "index": 24
  },
  {
    "name": "Require(21) node_modules/egg-view/config/config.local.js",
    "start": 1612619026833,
    "end": 1612619026834,
    "duration": 1,
    "pid": 24320,
    "index": 25
  },
  {
    "name": "Require(22) node_modules/egg/config/config.local.js",
    "start": 1612619026834,
    "end": 1612619026835,
    "duration": 1,
    "pid": 24320,
    "index": 26
  },
  {
    "name": "Require(23) config/config.local.js",
    "start": 1612619026835,
    "end": 1612619026835,
    "duration": 0,
    "pid": 24320,
    "index": 27
  },
  {
    "name": "Load extend/application.js",
    "start": 1612619026836,
    "end": 1612619026890,
    "duration": 54,
    "pid": 24320,
    "index": 28
  },
  {
    "name": "Require(24) node_modules/egg-session/app/extend/application.js",
    "start": 1612619026836,
    "end": 1612619026837,
    "duration": 1,
    "pid": 24320,
    "index": 29
  },
  {
    "name": "Require(25) node_modules/egg-security/app/extend/application.js",
    "start": 1612619026837,
    "end": 1612619026838,
    "duration": 1,
    "pid": 24320,
    "index": 30
  },
  {
    "name": "Require(26) node_modules/egg-jsonp/app/extend/application.js",
    "start": 1612619026838,
    "end": 1612619026839,
    "duration": 1,
    "pid": 24320,
    "index": 31
  },
  {
    "name": "Require(27) node_modules/egg-logrotator/app/extend/application.js",
    "start": 1612619026840,
    "end": 1612619026845,
    "duration": 5,
    "pid": 24320,
    "index": 32
  },
  {
    "name": "Require(28) node_modules/egg-view/app/extend/application.js",
    "start": 1612619026846,
    "end": 1612619026847,
    "duration": 1,
    "pid": 24320,
    "index": 33
  },
  {
    "name": "Require(29) app/extend/application.js",
    "start": 1612619026848,
    "end": 1612619026887,
    "duration": 39,
    "pid": 24320,
    "index": 34
  },
  {
    "name": "Load extend/request.js",
    "start": 1612619026890,
    "end": 1612619026896,
    "duration": 6,
    "pid": 24320,
    "index": 35
  },
  {
    "name": "Require(30) node_modules/egg/app/extend/request.js",
    "start": 1612619026892,
    "end": 1612619026893,
    "duration": 1,
    "pid": 24320,
    "index": 36
  },
  {
    "name": "Load extend/response.js",
    "start": 1612619026896,
    "end": 1612619026902,
    "duration": 6,
    "pid": 24320,
    "index": 37
  },
  {
    "name": "Require(31) node_modules/egg/app/extend/response.js",
    "start": 1612619026898,
    "end": 1612619026900,
    "duration": 2,
    "pid": 24320,
    "index": 38
  },
  {
    "name": "Load extend/context.js",
    "start": 1612619026902,
    "end": 1612619026952,
    "duration": 50,
    "pid": 24320,
    "index": 39
  },
  {
    "name": "Require(32) node_modules/egg-security/app/extend/context.js",
    "start": 1612619026903,
    "end": 1612619026913,
    "duration": 10,
    "pid": 24320,
    "index": 40
  },
  {
    "name": "Require(33) node_modules/egg-jsonp/app/extend/context.js",
    "start": 1612619026914,
    "end": 1612619026915,
    "duration": 1,
    "pid": 24320,
    "index": 41
  },
  {
    "name": "Require(34) node_modules/egg-i18n/app/extend/context.js",
    "start": 1612619026915,
    "end": 1612619026915,
    "duration": 0,
    "pid": 24320,
    "index": 42
  },
  {
    "name": "Require(35) node_modules/egg-multipart/app/extend/context.js",
    "start": 1612619026916,
    "end": 1612619026946,
    "duration": 30,
    "pid": 24320,
    "index": 43
  },
  {
    "name": "Require(36) node_modules/egg-view/app/extend/context.js",
    "start": 1612619026947,
    "end": 1612619026948,
    "duration": 1,
    "pid": 24320,
    "index": 44
  },
  {
    "name": "Require(37) node_modules/egg-mongoose/app/extend/context.js",
    "start": 1612619026948,
    "end": 1612619026948,
    "duration": 0,
    "pid": 24320,
    "index": 45
  },
  {
    "name": "Require(38) node_modules/egg-validate/app/extend/context.js",
    "start": 1612619026948,
    "end": 1612619026949,
    "duration": 1,
    "pid": 24320,
    "index": 46
  },
  {
    "name": "Require(39) node_modules/egg/app/extend/context.js",
    "start": 1612619026949,
    "end": 1612619026950,
    "duration": 1,
    "pid": 24320,
    "index": 47
  },
  {
    "name": "Load extend/helper.js",
    "start": 1612619026952,
    "end": 1612619026983,
    "duration": 31,
    "pid": 24320,
    "index": 48
  },
  {
    "name": "Require(40) node_modules/egg-security/app/extend/helper.js",
    "start": 1612619026952,
    "end": 1612619026966,
    "duration": 14,
    "pid": 24320,
    "index": 49
  },
  {
    "name": "Require(41) node_modules/egg/app/extend/helper.js",
    "start": 1612619026968,
    "end": 1612619026968,
    "duration": 0,
    "pid": 24320,
    "index": 50
  },
  {
    "name": "Require(42) app/extend/helper.js",
    "start": 1612619026968,
    "end": 1612619026980,
    "duration": 12,
    "pid": 24320,
    "index": 51
  },
  {
    "name": "Load app.js",
    "start": 1612619026983,
    "end": 1612619027007,
    "duration": 24,
    "pid": 24320,
    "index": 52
  },
  {
    "name": "Require(43) node_modules/egg-session/app.js",
    "start": 1612619026983,
    "end": 1612619026983,
    "duration": 0,
    "pid": 24320,
    "index": 53
  },
  {
    "name": "Require(44) node_modules/egg-security/app.js",
    "start": 1612619026984,
    "end": 1612619026985,
    "duration": 1,
    "pid": 24320,
    "index": 54
  },
  {
    "name": "Require(45) node_modules/egg-onerror/app.js",
    "start": 1612619026985,
    "end": 1612619026990,
    "duration": 5,
    "pid": 24320,
    "index": 55
  },
  {
    "name": "Require(46) node_modules/egg-i18n/app.js",
    "start": 1612619026990,
    "end": 1612619026998,
    "duration": 8,
    "pid": 24320,
    "index": 56
  },
  {
    "name": "Require(47) node_modules/egg-watcher/app.js",
    "start": 1612619026998,
    "end": 1612619027000,
    "duration": 2,
    "pid": 24320,
    "index": 57
  },
  {
    "name": "Require(48) node_modules/egg-schedule/app.js",
    "start": 1612619027001,
    "end": 1612619027002,
    "duration": 1,
    "pid": 24320,
    "index": 58
  },
  {
    "name": "Require(49) node_modules/egg-multipart/app.js",
    "start": 1612619027002,
    "end": 1612619027003,
    "duration": 1,
    "pid": 24320,
    "index": 59
  },
  {
    "name": "Require(50) node_modules/egg-development/app.js",
    "start": 1612619027003,
    "end": 1612619027003,
    "duration": 0,
    "pid": 24320,
    "index": 60
  },
  {
    "name": "Require(51) node_modules/egg-logrotator/app.js",
    "start": 1612619027004,
    "end": 1612619027004,
    "duration": 0,
    "pid": 24320,
    "index": 61
  },
  {
    "name": "Require(52) node_modules/egg-static/app.js",
    "start": 1612619027004,
    "end": 1612619027004,
    "duration": 0,
    "pid": 24320,
    "index": 62
  },
  {
    "name": "Require(53) node_modules/egg-mongoose/app.js",
    "start": 1612619027005,
    "end": 1612619027005,
    "duration": 0,
    "pid": 24320,
    "index": 63
  },
  {
    "name": "Require(54) node_modules/egg-validate/app.js",
    "start": 1612619027005,
    "end": 1612619027006,
    "duration": 1,
    "pid": 24320,
    "index": 64
  },
  {
    "name": "Require(55) node_modules/egg-cors/app.js",
    "start": 1612619027007,
    "end": 1612619027007,
    "duration": 0,
    "pid": 24320,
    "index": 65
  },
  {
    "name": "Before Start in node_modules/egg-watcher/lib/init.js:15:14",
    "start": 1612619027015,
    "end": 1612619027486,
    "duration": 471,
    "pid": 24320,
    "index": 66
  },
  {
    "name": "Before Start in node_modules/egg-mongoose/lib/mongoose.js:104:7",
    "start": 1612619027339,
    "end": 1612619027484,
    "duration": 145,
    "pid": 24320,
    "index": 67
  },
  {
    "name": "Before Start in node_modules/egg-mongoose/lib/mongoose.js:52:9",
    "start": 1612619027339,
    "end": 1612619027472,
    "duration": 133,
    "pid": 24320,
    "index": 68
  },
  {
    "name": "Load Service",
    "start": 1612619027339,
    "end": 1612619027364,
    "duration": 25,
    "pid": 24320,
    "index": 69
  },
  {
    "name": "Load \"service\" to Context",
    "start": 1612619027339,
    "end": 1612619027364,
    "duration": 25,
    "pid": 24320,
    "index": 70
  },
  {
    "name": "Load Middleware",
    "start": 1612619027365,
    "end": 1612619027443,
    "duration": 78,
    "pid": 24320,
    "index": 71
  },
  {
    "name": "Load \"middlewares\" to Application",
    "start": 1612619027365,
    "end": 1612619027435,
    "duration": 70,
    "pid": 24320,
    "index": 72
  },
  {
    "name": "Load Controller",
    "start": 1612619027443,
    "end": 1612619027446,
    "duration": 3,
    "pid": 24320,
    "index": 73
  },
  {
    "name": "Load \"controller\" to Application",
    "start": 1612619027443,
    "end": 1612619027446,
    "duration": 3,
    "pid": 24320,
    "index": 74
  },
  {
    "name": "Load Router",
    "start": 1612619027446,
    "end": 1612619027449,
    "duration": 3,
    "pid": 24320,
    "index": 75
  },
  {
    "name": "Require(56) app/router.js",
    "start": 1612619027446,
    "end": 1612619027447,
    "duration": 1,
    "pid": 24320,
    "index": 76
  },
  {
    "name": "Before Start in node_modules/egg-core/lib/egg.js:303:10",
    "start": 1612619027447,
    "end": 1612619027472,
    "duration": 25,
    "pid": 24320,
    "index": 77
  },
  {
    "name": "Load \"model\" to Application",
    "start": 1612619027456,
    "end": 1612619027471,
    "duration": 15,
    "pid": 24320,
    "index": 78
  }
]