[
  {
    "name": "Process Start",
    "start": 1612619639298,
    "end": 1612619640056,
    "duration": 758,
    "pid": 3212,
    "index": 0
  },
  {
    "name": "Application Start",
    "start": 1612619640057,
    "end": 1612619640752,
    "duration": 695,
    "pid": 3212,
    "index": 1
  },
  {
    "name": "Load Plugin",
    "start": 1612619640061,
    "end": 1612619640077,
    "duration": 16,
    "pid": 3212,
    "index": 2
  },
  {
    "name": "Load Config",
    "start": 1612619640077,
    "end": 1612619640097,
    "duration": 20,
    "pid": 3212,
    "index": 3
  },
  {
    "name": "Require(0) config/config.default.js",
    "start": 1612619640078,
    "end": 1612619640078,
    "duration": 0,
    "pid": 3212,
    "index": 4
  },
  {
    "name": "Require(1) config/config.local.js",
    "start": 1612619640079,
    "end": 1612619640079,
    "duration": 0,
    "pid": 3212,
    "index": 5
  },
  {
    "name": "Require(2) node_modules/egg-session/config/config.default.js",
    "start": 1612619640080,
    "end": 1612619640080,
    "duration": 0,
    "pid": 3212,
    "index": 6
  },
  {
    "name": "Require(3) node_modules/egg-security/config/config.default.js",
    "start": 1612619640081,
    "end": 1612619640081,
    "duration": 0,
    "pid": 3212,
    "index": 7
  },
  {
    "name": "Require(4) node_modules/egg-jsonp/config/config.default.js",
    "start": 1612619640082,
    "end": 1612619640082,
    "duration": 0,
    "pid": 3212,
    "index": 8
  },
  {
    "name": "Require(5) node_modules/egg-onerror/config/config.default.js",
    "start": 1612619640082,
    "end": 1612619640083,
    "duration": 1,
    "pid": 3212,
    "index": 9
  },
  {
    "name": "Require(6) node_modules/egg-i18n/config/config.default.js",
    "start": 1612619640083,
    "end": 1612619640084,
    "duration": 1,
    "pid": 3212,
    "index": 10
  },
  {
    "name": "Require(7) node_modules/egg-watcher/config/config.default.js",
    "start": 1612619640084,
    "end": 1612619640085,
    "duration": 1,
    "pid": 3212,
    "index": 11
  },
  {
    "name": "Require(8) node_modules/egg-schedule/config/config.default.js",
    "start": 1612619640085,
    "end": 1612619640085,
    "duration": 0,
    "pid": 3212,
    "index": 12
  },
  {
    "name": "Require(9) node_modules/egg-multipart/config/config.default.js",
    "start": 1612619640086,
    "end": 1612619640086,
    "duration": 0,
    "pid": 3212,
    "index": 13
  },
  {
    "name": "Require(10) node_modules/egg-development/config/config.default.js",
    "start": 1612619640086,
    "end": 1612619640087,
    "duration": 1,
    "pid": 3212,
    "index": 14
  },
  {
    "name": "Require(11) node_modules/egg-logrotator/config/config.default.js",
    "start": 1612619640087,
    "end": 1612619640088,
    "duration": 1,
    "pid": 3212,
    "index": 15
  },
  {
    "name": "Require(12) node_modules/egg-static/config/config.default.js",
    "start": 1612619640088,
    "end": 1612619640088,
    "duration": 0,
    "pid": 3212,
    "index": 16
  },
  {
    "name": "Require(13) node_modules/egg-view/config/config.default.js",
    "start": 1612619640089,
    "end": 1612619640089,
    "duration": 0,
    "pid": 3212,
    "index": 17
  },
  {
    "name": "Require(14) node_modules/egg-mongoose/config/config.default.js",
    "start": 1612619640089,
    "end": 1612619640090,
    "duration": 1,
    "pid": 3212,
    "index": 18
  },
  {
    "name": "Require(15) node_modules/egg-validate/config/config.default.js",
    "start": 1612619640090,
    "end": 1612619640090,
    "duration": 0,
    "pid": 3212,
    "index": 19
  },
  {
    "name": "Require(16) node_modules/egg-cors/config/config.default.js",
    "start": 1612619640091,
    "end": 1612619640091,
    "duration": 0,
    "pid": 3212,
    "index": 20
  },
  {
    "name": "Require(17) node_modules/egg/config/config.default.js",
    "start": 1612619640091,
    "end": 1612619640092,
    "duration": 1,
    "pid": 3212,
    "index": 21
  },
  {
    "name": "Require(18) config/config.default.js",
    "start": 1612619640093,
    "end": 1612619640093,
    "duration": 0,
    "pid": 3212,
    "index": 22
  },
  {
    "name": "Require(19) node_modules/egg-security/config/config.local.js",
    "start": 1612619640093,
    "end": 1612619640093,
    "duration": 0,
    "pid": 3212,
    "index": 23
  },
  {
    "name": "Require(20) node_modules/egg-watcher/config/config.local.js",
    "start": 1612619640094,
    "end": 1612619640094,
    "duration": 0,
    "pid": 3212,
    "index": 24
  },
  {
    "name": "Require(21) node_modules/egg-view/config/config.local.js",
    "start": 1612619640095,
    "end": 1612619640095,
    "duration": 0,
    "pid": 3212,
    "index": 25
  },
  {
    "name": "Require(22) node_modules/egg/config/config.local.js",
    "start": 1612619640096,
    "end": 1612619640096,
    "duration": 0,
    "pid": 3212,
    "index": 26
  },
  {
    "name": "Require(23) config/config.local.js",
    "start": 1612619640096,
    "end": 1612619640096,
    "duration": 0,
    "pid": 3212,
    "index": 27
  },
  {
    "name": "Load extend/application.js",
    "start": 1612619640098,
    "end": 1612619640154,
    "duration": 56,
    "pid": 3212,
    "index": 28
  },
  {
    "name": "Require(24) node_modules/egg-session/app/extend/application.js",
    "start": 1612619640099,
    "end": 1612619640099,
    "duration": 0,
    "pid": 3212,
    "index": 29
  },
  {
    "name": "Require(25) node_modules/egg-security/app/extend/application.js",
    "start": 1612619640099,
    "end": 1612619640100,
    "duration": 1,
    "pid": 3212,
    "index": 30
  },
  {
    "name": "Require(26) node_modules/egg-jsonp/app/extend/application.js",
    "start": 1612619640101,
    "end": 1612619640102,
    "duration": 1,
    "pid": 3212,
    "index": 31
  },
  {
    "name": "Require(27) node_modules/egg-logrotator/app/extend/application.js",
    "start": 1612619640103,
    "end": 1612619640108,
    "duration": 5,
    "pid": 3212,
    "index": 32
  },
  {
    "name": "Require(28) node_modules/egg-view/app/extend/application.js",
    "start": 1612619640109,
    "end": 1612619640110,
    "duration": 1,
    "pid": 3212,
    "index": 33
  },
  {
    "name": "Require(29) app/extend/application.js",
    "start": 1612619640110,
    "end": 1612619640151,
    "duration": 41,
    "pid": 3212,
    "index": 34
  },
  {
    "name": "Load extend/request.js",
    "start": 1612619640154,
    "end": 1612619640159,
    "duration": 5,
    "pid": 3212,
    "index": 35
  },
  {
    "name": "Require(30) node_modules/egg/app/extend/request.js",
    "start": 1612619640156,
    "end": 1612619640157,
    "duration": 1,
    "pid": 3212,
    "index": 36
  },
  {
    "name": "Load extend/response.js",
    "start": 1612619640159,
    "end": 1612619640166,
    "duration": 7,
    "pid": 3212,
    "index": 37
  },
  {
    "name": "Require(31) node_modules/egg/app/extend/response.js",
    "start": 1612619640162,
    "end": 1612619640164,
    "duration": 2,
    "pid": 3212,
    "index": 38
  },
  {
    "name": "Load extend/context.js",
    "start": 1612619640166,
    "end": 1612619640217,
    "duration": 51,
    "pid": 3212,
    "index": 39
  },
  {
    "name": "Require(32) node_modules/egg-security/app/extend/context.js",
    "start": 1612619640167,
    "end": 1612619640177,
    "duration": 10,
    "pid": 3212,
    "index": 40
  },
  {
    "name": "Require(33) node_modules/egg-jsonp/app/extend/context.js",
    "start": 1612619640178,
    "end": 1612619640179,
    "duration": 1,
    "pid": 3212,
    "index": 41
  },
  {
    "name": "Require(34) node_modules/egg-i18n/app/extend/context.js",
    "start": 1612619640179,
    "end": 1612619640179,
    "duration": 0,
    "pid": 3212,
    "index": 42
  },
  {
    "name": "Require(35) node_modules/egg-multipart/app/extend/context.js",
    "start": 1612619640180,
    "end": 1612619640211,
    "duration": 31,
    "pid": 3212,
    "index": 43
  },
  {
    "name": "Require(36) node_modules/egg-view/app/extend/context.js",
    "start": 1612619640211,
    "end": 1612619640212,
    "duration": 1,
    "pid": 3212,
    "index": 44
  },
  {
    "name": "Require(37) node_modules/egg-mongoose/app/extend/context.js",
    "start": 1612619640212,
    "end": 1612619640212,
    "duration": 0,
    "pid": 3212,
    "index": 45
  },
  {
    "name": "Require(38) node_modules/egg-validate/app/extend/context.js",
    "start": 1612619640213,
    "end": 1612619640213,
    "duration": 0,
    "pid": 3212,
    "index": 46
  },
  {
    "name": "Require(39) node_modules/egg/app/extend/context.js",
    "start": 1612619640213,
    "end": 1612619640214,
    "duration": 1,
    "pid": 3212,
    "index": 47
  },
  {
    "name": "Load extend/helper.js",
    "start": 1612619640217,
    "end": 1612619640247,
    "duration": 30,
    "pid": 3212,
    "index": 48
  },
  {
    "name": "Require(40) node_modules/egg-security/app/extend/helper.js",
    "start": 1612619640217,
    "end": 1612619640229,
    "duration": 12,
    "pid": 3212,
    "index": 49
  },
  {
    "name": "Require(41) node_modules/egg/app/extend/helper.js",
    "start": 1612619640231,
    "end": 1612619640231,
    "duration": 0,
    "pid": 3212,
    "index": 50
  },
  {
    "name": "Require(42) app/extend/helper.js",
    "start": 1612619640231,
    "end": 1612619640245,
    "duration": 14,
    "pid": 3212,
    "index": 51
  },
  {
    "name": "Load app.js",
    "start": 1612619640248,
    "end": 1612619640273,
    "duration": 25,
    "pid": 3212,
    "index": 52
  },
  {
    "name": "Require(43) node_modules/egg-session/app.js",
    "start": 1612619640248,
    "end": 1612619640248,
    "duration": 0,
    "pid": 3212,
    "index": 53
  },
  {
    "name": "Require(44) node_modules/egg-security/app.js",
    "start": 1612619640248,
    "end": 1612619640249,
    "duration": 1,
    "pid": 3212,
    "index": 54
  },
  {
    "name": "Require(45) node_modules/egg-onerror/app.js",
    "start": 1612619640250,
    "end": 1612619640255,
    "duration": 5,
    "pid": 3212,
    "index": 55
  },
  {
    "name": "Require(46) node_modules/egg-i18n/app.js",
    "start": 1612619640256,
    "end": 1612619640264,
    "duration": 8,
    "pid": 3212,
    "index": 56
  },
  {
    "name": "Require(47) node_modules/egg-watcher/app.js",
    "start": 1612619640264,
    "end": 1612619640266,
    "duration": 2,
    "pid": 3212,
    "index": 57
  },
  {
    "name": "Require(48) node_modules/egg-schedule/app.js",
    "start": 1612619640267,
    "end": 1612619640268,
    "duration": 1,
    "pid": 3212,
    "index": 58
  },
  {
    "name": "Require(49) node_modules/egg-multipart/app.js",
    "start": 1612619640268,
    "end": 1612619640268,
    "duration": 0,
    "pid": 3212,
    "index": 59
  },
  {
    "name": "Require(50) node_modules/egg-development/app.js",
    "start": 1612619640269,
    "end": 1612619640269,
    "duration": 0,
    "pid": 3212,
    "index": 60
  },
  {
    "name": "Require(51) node_modules/egg-logrotator/app.js",
    "start": 1612619640269,
    "end": 1612619640269,
    "duration": 0,
    "pid": 3212,
    "index": 61
  },
  {
    "name": "Require(52) node_modules/egg-static/app.js",
    "start": 1612619640269,
    "end": 1612619640270,
    "duration": 1,
    "pid": 3212,
    "index": 62
  },
  {
    "name": "Require(53) node_modules/egg-mongoose/app.js",
    "start": 1612619640270,
    "end": 1612619640270,
    "duration": 0,
    "pid": 3212,
    "index": 63
  },
  {
    "name": "Require(54) node_modules/egg-validate/app.js",
    "start": 1612619640271,
    "end": 1612619640272,
    "duration": 1,
    "pid": 3212,
    "index": 64
  },
  {
    "name": "Require(55) node_modules/egg-cors/app.js",
    "start": 1612619640272,
    "end": 1612619640272,
    "duration": 0,
    "pid": 3212,
    "index": 65
  },
  {
    "name": "Before Start in node_modules/egg-watcher/lib/init.js:15:14",
    "start": 1612619640281,
    "end": 1612619640751,
    "duration": 470,
    "pid": 3212,
    "index": 66
  },
  {
    "name": "Before Start in node_modules/egg-mongoose/lib/mongoose.js:104:7",
    "start": 1612619640605,
    "end": 1612619640750,
    "duration": 145,
    "pid": 3212,
    "index": 67
  },
  {
    "name": "Before Start in node_modules/egg-mongoose/lib/mongoose.js:52:9",
    "start": 1612619640606,
    "end": 1612619640737,
    "duration": 131,
    "pid": 3212,
    "index": 68
  },
  {
    "name": "Load Service",
    "start": 1612619640606,
    "end": 1612619640633,
    "duration": 27,
    "pid": 3212,
    "index": 69
  },
  {
    "name": "Load \"service\" to Context",
    "start": 1612619640606,
    "end": 1612619640633,
    "duration": 27,
    "pid": 3212,
    "index": 70
  },
  {
    "name": "Load Middleware",
    "start": 1612619640633,
    "end": 1612619640707,
    "duration": 74,
    "pid": 3212,
    "index": 71
  },
  {
    "name": "Load \"middlewares\" to Application",
    "start": 1612619640633,
    "end": 1612619640699,
    "duration": 66,
    "pid": 3212,
    "index": 72
  },
  {
    "name": "Load Controller",
    "start": 1612619640707,
    "end": 1612619640711,
    "duration": 4,
    "pid": 3212,
    "index": 73
  },
  {
    "name": "Load \"controller\" to Application",
    "start": 1612619640708,
    "end": 1612619640711,
    "duration": 3,
    "pid": 3212,
    "index": 74
  },
  {
    "name": "Load Router",
    "start": 1612619640711,
    "end": 1612619640714,
    "duration": 3,
    "pid": 3212,
    "index": 75
  },
  {
    "name": "Require(56) app/router.js",
    "start": 1612619640711,
    "end": 1612619640711,
    "duration": 0,
    "pid": 3212,
    "index": 76
  },
  {
    "name": "Before Start in node_modules/egg-core/lib/egg.js:303:10",
    "start": 1612619640712,
    "end": 1612619640737,
    "duration": 25,
    "pid": 3212,
    "index": 77
  },
  {
    "name": "Load \"model\" to Application",
    "start": 1612619640721,
    "end": 1612619640736,
    "duration": 15,
    "pid": 3212,
    "index": 78
  }
]