[
  {
    "name": "Process Start",
    "start": 1612619173186,
    "end": 1612619173970,
    "duration": 784,
    "pid": 7440,
    "index": 0
  },
  {
    "name": "Application Start",
    "start": 1612619173970,
    "end": 1612619174671,
    "duration": 701,
    "pid": 7440,
    "index": 1
  },
  {
    "name": "Load Plugin",
    "start": 1612619173974,
    "end": 1612619173990,
    "duration": 16,
    "pid": 7440,
    "index": 2
  },
  {
    "name": "Load Config",
    "start": 1612619173990,
    "end": 1612619174009,
    "duration": 19,
    "pid": 7440,
    "index": 3
  },
  {
    "name": "Require(0) config/config.default.js",
    "start": 1612619173991,
    "end": 1612619173991,
    "duration": 0,
    "pid": 7440,
    "index": 4
  },
  {
    "name": "Require(1) config/config.local.js",
    "start": 1612619173992,
    "end": 1612619173992,
    "duration": 0,
    "pid": 7440,
    "index": 5
  },
  {
    "name": "Require(2) node_modules/egg-session/config/config.default.js",
    "start": 1612619173993,
    "end": 1612619173993,
    "duration": 0,
    "pid": 7440,
    "index": 6
  },
  {
    "name": "Require(3) node_modules/egg-security/config/config.default.js",
    "start": 1612619173993,
    "end": 1612619173994,
    "duration": 1,
    "pid": 7440,
    "index": 7
  },
  {
    "name": "Require(4) node_modules/egg-jsonp/config/config.default.js",
    "start": 1612619173994,
    "end": 1612619173995,
    "duration": 1,
    "pid": 7440,
    "index": 8
  },
  {
    "name": "Require(5) node_modules/egg-onerror/config/config.default.js",
    "start": 1612619173995,
    "end": 1612619173995,
    "duration": 0,
    "pid": 7440,
    "index": 9
  },
  {
    "name": "Require(6) node_modules/egg-i18n/config/config.default.js",
    "start": 1612619173996,
    "end": 1612619173996,
    "duration": 0,
    "pid": 7440,
    "index": 10
  },
  {
    "name": "Require(7) node_modules/egg-watcher/config/config.default.js",
    "start": 1612619173996,
    "end": 1612619173997,
    "duration": 1,
    "pid": 7440,
    "index": 11
  },
  {
    "name": "Require(8) node_modules/egg-schedule/config/config.default.js",
    "start": 1612619173997,
    "end": 1612619173997,
    "duration": 0,
    "pid": 7440,
    "index": 12
  },
  {
    "name": "Require(9) node_modules/egg-multipart/config/config.default.js",
    "start": 1612619173998,
    "end": 1612619173998,
    "duration": 0,
    "pid": 7440,
    "index": 13
  },
  {
    "name": "Require(10) node_modules/egg-development/config/config.default.js",
    "start": 1612619173999,
    "end": 1612619173999,
    "duration": 0,
    "pid": 7440,
    "index": 14
  },
  {
    "name": "Require(11) node_modules/egg-logrotator/config/config.default.js",
    "start": 1612619173999,
    "end": 1612619174000,
    "duration": 1,
    "pid": 7440,
    "index": 15
  },
  {
    "name": "Require(12) node_modules/egg-static/config/config.default.js",
    "start": 1612619174000,
    "end": 1612619174000,
    "duration": 0,
    "pid": 7440,
    "index": 16
  },
  {
    "name": "Require(13) node_modules/egg-view/config/config.default.js",
    "start": 1612619174001,
    "end": 1612619174001,
    "duration": 0,
    "pid": 7440,
    "index": 17
  },
  {
    "name": "Require(14) node_modules/egg-mongoose/config/config.default.js",
    "start": 1612619174001,
    "end": 1612619174002,
    "duration": 1,
    "pid": 7440,
    "index": 18
  },
  {
    "name": "Require(15) node_modules/egg-validate/config/config.default.js",
    "start": 1612619174002,
    "end": 1612619174002,
    "duration": 0,
    "pid": 7440,
    "index": 19
  },
  {
    "name": "Require(16) node_modules/egg-cors/config/config.default.js",
    "start": 1612619174003,
    "end": 1612619174003,
    "duration": 0,
    "pid": 7440,
    "index": 20
  },
  {
    "name": "Require(17) node_modules/egg/config/config.default.js",
    "start": 1612619174003,
    "end": 1612619174004,
    "duration": 1,
    "pid": 7440,
    "index": 21
  },
  {
    "name": "Require(18) config/config.default.js",
    "start": 1612619174005,
    "end": 1612619174005,
    "duration": 0,
    "pid": 7440,
    "index": 22
  },
  {
    "name": "Require(19) node_modules/egg-security/config/config.local.js",
    "start": 1612619174005,
    "end": 1612619174006,
    "duration": 1,
    "pid": 7440,
    "index": 23
  },
  {
    "name": "Require(20) node_modules/egg-watcher/config/config.local.js",
    "start": 1612619174006,
    "end": 1612619174007,
    "duration": 1,
    "pid": 7440,
    "index": 24
  },
  {
    "name": "Require(21) node_modules/egg-view/config/config.local.js",
    "start": 1612619174007,
    "end": 1612619174008,
    "duration": 1,
    "pid": 7440,
    "index": 25
  },
  {
    "name": "Require(22) node_modules/egg/config/config.local.js",
    "start": 1612619174008,
    "end": 1612619174009,
    "duration": 1,
    "pid": 7440,
    "index": 26
  },
  {
    "name": "Require(23) config/config.local.js",
    "start": 1612619174009,
    "end": 1612619174009,
    "duration": 0,
    "pid": 7440,
    "index": 27
  },
  {
    "name": "Load extend/application.js",
    "start": 1612619174010,
    "end": 1612619174065,
    "duration": 55,
    "pid": 7440,
    "index": 28
  },
  {
    "name": "Require(24) node_modules/egg-session/app/extend/application.js",
    "start": 1612619174010,
    "end": 1612619174011,
    "duration": 1,
    "pid": 7440,
    "index": 29
  },
  {
    "name": "Require(25) node_modules/egg-security/app/extend/application.js",
    "start": 1612619174011,
    "end": 1612619174012,
    "duration": 1,
    "pid": 7440,
    "index": 30
  },
  {
    "name": "Require(26) node_modules/egg-jsonp/app/extend/application.js",
    "start": 1612619174012,
    "end": 1612619174013,
    "duration": 1,
    "pid": 7440,
    "index": 31
  },
  {
    "name": "Require(27) node_modules/egg-logrotator/app/extend/application.js",
    "start": 1612619174014,
    "end": 1612619174019,
    "duration": 5,
    "pid": 7440,
    "index": 32
  },
  {
    "name": "Require(28) node_modules/egg-view/app/extend/application.js",
    "start": 1612619174020,
    "end": 1612619174021,
    "duration": 1,
    "pid": 7440,
    "index": 33
  },
  {
    "name": "Require(29) app/extend/application.js",
    "start": 1612619174022,
    "end": 1612619174063,
    "duration": 41,
    "pid": 7440,
    "index": 34
  },
  {
    "name": "Load extend/request.js",
    "start": 1612619174065,
    "end": 1612619174071,
    "duration": 6,
    "pid": 7440,
    "index": 35
  },
  {
    "name": "Require(30) node_modules/egg/app/extend/request.js",
    "start": 1612619174068,
    "end": 1612619174069,
    "duration": 1,
    "pid": 7440,
    "index": 36
  },
  {
    "name": "Load extend/response.js",
    "start": 1612619174071,
    "end": 1612619174078,
    "duration": 7,
    "pid": 7440,
    "index": 37
  },
  {
    "name": "Require(31) node_modules/egg/app/extend/response.js",
    "start": 1612619174074,
    "end": 1612619174075,
    "duration": 1,
    "pid": 7440,
    "index": 38
  },
  {
    "name": "Load extend/context.js",
    "start": 1612619174078,
    "end": 1612619174129,
    "duration": 51,
    "pid": 7440,
    "index": 39
  },
  {
    "name": "Require(32) node_modules/egg-security/app/extend/context.js",
    "start": 1612619174078,
    "end": 1612619174089,
    "duration": 11,
    "pid": 7440,
    "index": 40
  },
  {
    "name": "Require(33) node_modules/egg-jsonp/app/extend/context.js",
    "start": 1612619174090,
    "end": 1612619174090,
    "duration": 0,
    "pid": 7440,
    "index": 41
  },
  {
    "name": "Require(34) node_modules/egg-i18n/app/extend/context.js",
    "start": 1612619174091,
    "end": 1612619174091,
    "duration": 0,
    "pid": 7440,
    "index": 42
  },
  {
    "name": "Require(35) node_modules/egg-multipart/app/extend/context.js",
    "start": 1612619174092,
    "end": 1612619174123,
    "duration": 31,
    "pid": 7440,
    "index": 43
  },
  {
    "name": "Require(36) node_modules/egg-view/app/extend/context.js",
    "start": 1612619174124,
    "end": 1612619174124,
    "duration": 0,
    "pid": 7440,
    "index": 44
  },
  {
    "name": "Require(37) node_modules/egg-mongoose/app/extend/context.js",
    "start": 1612619174125,
    "end": 1612619174125,
    "duration": 0,
    "pid": 7440,
    "index": 45
  },
  {
    "name": "Require(38) node_modules/egg-validate/app/extend/context.js",
    "start": 1612619174125,
    "end": 1612619174126,
    "duration": 1,
    "pid": 7440,
    "index": 46
  },
  {
    "name": "Require(39) node_modules/egg/app/extend/context.js",
    "start": 1612619174126,
    "end": 1612619174127,
    "duration": 1,
    "pid": 7440,
    "index": 47
  },
  {
    "name": "Load extend/helper.js",
    "start": 1612619174129,
    "end": 1612619174161,
    "duration": 32,
    "pid": 7440,
    "index": 48
  },
  {
    "name": "Require(40) node_modules/egg-security/app/extend/helper.js",
    "start": 1612619174129,
    "end": 1612619174142,
    "duration": 13,
    "pid": 7440,
    "index": 49
  },
  {
    "name": "Require(41) node_modules/egg/app/extend/helper.js",
    "start": 1612619174144,
    "end": 1612619174144,
    "duration": 0,
    "pid": 7440,
    "index": 50
  },
  {
    "name": "Require(42) app/extend/helper.js",
    "start": 1612619174144,
    "end": 1612619174158,
    "duration": 14,
    "pid": 7440,
    "index": 51
  },
  {
    "name": "Load app.js",
    "start": 1612619174161,
    "end": 1612619174187,
    "duration": 26,
    "pid": 7440,
    "index": 52
  },
  {
    "name": "Require(43) node_modules/egg-session/app.js",
    "start": 1612619174161,
    "end": 1612619174162,
    "duration": 1,
    "pid": 7440,
    "index": 53
  },
  {
    "name": "Require(44) node_modules/egg-security/app.js",
    "start": 1612619174162,
    "end": 1612619174163,
    "duration": 1,
    "pid": 7440,
    "index": 54
  },
  {
    "name": "Require(45) node_modules/egg-onerror/app.js",
    "start": 1612619174164,
    "end": 1612619174169,
    "duration": 5,
    "pid": 7440,
    "index": 55
  },
  {
    "name": "Require(46) node_modules/egg-i18n/app.js",
    "start": 1612619174169,
    "end": 1612619174177,
    "duration": 8,
    "pid": 7440,
    "index": 56
  },
  {
    "name": "Require(47) node_modules/egg-watcher/app.js",
    "start": 1612619174178,
    "end": 1612619174180,
    "duration": 2,
    "pid": 7440,
    "index": 57
  },
  {
    "name": "Require(48) node_modules/egg-schedule/app.js",
    "start": 1612619174181,
    "end": 1612619174182,
    "duration": 1,
    "pid": 7440,
    "index": 58
  },
  {
    "name": "Require(49) node_modules/egg-multipart/app.js",
    "start": 1612619174182,
    "end": 1612619174182,
    "duration": 0,
    "pid": 7440,
    "index": 59
  },
  {
    "name": "Require(50) node_modules/egg-development/app.js",
    "start": 1612619174182,
    "end": 1612619174183,
    "duration": 1,
    "pid": 7440,
    "index": 60
  },
  {
    "name": "Require(51) node_modules/egg-logrotator/app.js",
    "start": 1612619174183,
    "end": 1612619174183,
    "duration": 0,
    "pid": 7440,
    "index": 61
  },
  {
    "name": "Require(52) node_modules/egg-static/app.js",
    "start": 1612619174183,
    "end": 1612619174184,
    "duration": 1,
    "pid": 7440,
    "index": 62
  },
  {
    "name": "Require(53) node_modules/egg-mongoose/app.js",
    "start": 1612619174184,
    "end": 1612619174184,
    "duration": 0,
    "pid": 7440,
    "index": 63
  },
  {
    "name": "Require(54) node_modules/egg-validate/app.js",
    "start": 1612619174185,
    "end": 1612619174186,
    "duration": 1,
    "pid": 7440,
    "index": 64
  },
  {
    "name": "Require(55) node_modules/egg-cors/app.js",
    "start": 1612619174186,
    "end": 1612619174186,
    "duration": 0,
    "pid": 7440,
    "index": 65
  },
  {
    "name": "Before Start in node_modules/egg-watcher/lib/init.js:15:14",
    "start": 1612619174196,
    "end": 1612619174670,
    "duration": 474,
    "pid": 7440,
    "index": 66
  },
  {
    "name": "Before Start in node_modules/egg-mongoose/lib/mongoose.js:104:7",
    "start": 1612619174521,
    "end": 1612619174668,
    "duration": 147,
    "pid": 7440,
    "index": 67
  },
  {
    "name": "Before Start in node_modules/egg-mongoose/lib/mongoose.js:52:9",
    "start": 1612619174521,
    "end": 1612619174655,
    "duration": 134,
    "pid": 7440,
    "index": 68
  },
  {
    "name": "Load Service",
    "start": 1612619174522,
    "end": 1612619174550,
    "duration": 28,
    "pid": 7440,
    "index": 69
  },
  {
    "name": "Load \"service\" to Context",
    "start": 1612619174522,
    "end": 1612619174550,
    "duration": 28,
    "pid": 7440,
    "index": 70
  },
  {
    "name": "Load Middleware",
    "start": 1612619174550,
    "end": 1612619174625,
    "duration": 75,
    "pid": 7440,
    "index": 71
  },
  {
    "name": "Load \"middlewares\" to Application",
    "start": 1612619174550,
    "end": 1612619174617,
    "duration": 67,
    "pid": 7440,
    "index": 72
  },
  {
    "name": "Load Controller",
    "start": 1612619174625,
    "end": 1612619174629,
    "duration": 4,
    "pid": 7440,
    "index": 73
  },
  {
    "name": "Load \"controller\" to Application",
    "start": 1612619174626,
    "end": 1612619174629,
    "duration": 3,
    "pid": 7440,
    "index": 74
  },
  {
    "name": "Load Router",
    "start": 1612619174629,
    "end": 1612619174632,
    "duration": 3,
    "pid": 7440,
    "index": 75
  },
  {
    "name": "Require(56) app/router.js",
    "start": 1612619174629,
    "end": 1612619174629,
    "duration": 0,
    "pid": 7440,
    "index": 76
  },
  {
    "name": "Before Start in node_modules/egg-core/lib/egg.js:303:10",
    "start": 1612619174630,
    "end": 1612619174655,
    "duration": 25,
    "pid": 7440,
    "index": 77
  },
  {
    "name": "Load \"model\" to Application",
    "start": 1612619174638,
    "end": 1612619174654,
    "duration": 16,
    "pid": 7440,
    "index": 78
  }
]