[
  {
    "name": "Process Start",
    "start": 1612618109505,
    "end": 1612618110281,
    "duration": 776,
    "pid": 25936,
    "index": 0
  },
  {
    "name": "Application Start",
    "start": 1612618110282,
    "end": 1612618110982,
    "duration": 700,
    "pid": 25936,
    "index": 1
  },
  {
    "name": "Load Plugin",
    "start": 1612618110286,
    "end": 1612618110301,
    "duration": 15,
    "pid": 25936,
    "index": 2
  },
  {
    "name": "Load Config",
    "start": 1612618110301,
    "end": 1612618110319,
    "duration": 18,
    "pid": 25936,
    "index": 3
  },
  {
    "name": "Require(0) config/config.default.js",
    "start": 1612618110302,
    "end": 1612618110302,
    "duration": 0,
    "pid": 25936,
    "index": 4
  },
  {
    "name": "Require(1) config/config.local.js",
    "start": 1612618110303,
    "end": 1612618110303,
    "duration": 0,
    "pid": 25936,
    "index": 5
  },
  {
    "name": "Require(2) node_modules/egg-session/config/config.default.js",
    "start": 1612618110304,
    "end": 1612618110304,
    "duration": 0,
    "pid": 25936,
    "index": 6
  },
  {
    "name": "Require(3) node_modules/egg-security/config/config.default.js",
    "start": 1612618110304,
    "end": 1612618110305,
    "duration": 1,
    "pid": 25936,
    "index": 7
  },
  {
    "name": "Require(4) node_modules/egg-jsonp/config/config.default.js",
    "start": 1612618110305,
    "end": 1612618110306,
    "duration": 1,
    "pid": 25936,
    "index": 8
  },
  {
    "name": "Require(5) node_modules/egg-onerror/config/config.default.js",
    "start": 1612618110306,
    "end": 1612618110306,
    "duration": 0,
    "pid": 25936,
    "index": 9
  },
  {
    "name": "Require(6) node_modules/egg-i18n/config/config.default.js",
    "start": 1612618110307,
    "end": 1612618110307,
    "duration": 0,
    "pid": 25936,
    "index": 10
  },
  {
    "name": "Require(7) node_modules/egg-watcher/config/config.default.js",
    "start": 1612618110308,
    "end": 1612618110308,
    "duration": 0,
    "pid": 25936,
    "index": 11
  },
  {
    "name": "Require(8) node_modules/egg-schedule/config/config.default.js",
    "start": 1612618110308,
    "end": 1612618110309,
    "duration": 1,
    "pid": 25936,
    "index": 12
  },
  {
    "name": "Require(9) node_modules/egg-multipart/config/config.default.js",
    "start": 1612618110309,
    "end": 1612618110309,
    "duration": 0,
    "pid": 25936,
    "index": 13
  },
  {
    "name": "Require(10) node_modules/egg-development/config/config.default.js",
    "start": 1612618110310,
    "end": 1612618110310,
    "duration": 0,
    "pid": 25936,
    "index": 14
  },
  {
    "name": "Require(11) node_modules/egg-logrotator/config/config.default.js",
    "start": 1612618110310,
    "end": 1612618110311,
    "duration": 1,
    "pid": 25936,
    "index": 15
  },
  {
    "name": "Require(12) node_modules/egg-static/config/config.default.js",
    "start": 1612618110311,
    "end": 1612618110311,
    "duration": 0,
    "pid": 25936,
    "index": 16
  },
  {
    "name": "Require(13) node_modules/egg-view/config/config.default.js",
    "start": 1612618110312,
    "end": 1612618110312,
    "duration": 0,
    "pid": 25936,
    "index": 17
  },
  {
    "name": "Require(14) node_modules/egg-mongoose/config/config.default.js",
    "start": 1612618110312,
    "end": 1612618110313,
    "duration": 1,
    "pid": 25936,
    "index": 18
  },
  {
    "name": "Require(15) node_modules/egg-validate/config/config.default.js",
    "start": 1612618110313,
    "end": 1612618110313,
    "duration": 0,
    "pid": 25936,
    "index": 19
  },
  {
    "name": "Require(16) node_modules/egg-cors/config/config.default.js",
    "start": 1612618110314,
    "end": 1612618110314,
    "duration": 0,
    "pid": 25936,
    "index": 20
  },
  {
    "name": "Require(17) node_modules/egg/config/config.default.js",
    "start": 1612618110314,
    "end": 1612618110315,
    "duration": 1,
    "pid": 25936,
    "index": 21
  },
  {
    "name": "Require(18) config/config.default.js",
    "start": 1612618110316,
    "end": 1612618110316,
    "duration": 0,
    "pid": 25936,
    "index": 22
  },
  {
    "name": "Require(19) node_modules/egg-security/config/config.local.js",
    "start": 1612618110316,
    "end": 1612618110316,
    "duration": 0,
    "pid": 25936,
    "index": 23
  },
  {
    "name": "Require(20) node_modules/egg-watcher/config/config.local.js",
    "start": 1612618110317,
    "end": 1612618110317,
    "duration": 0,
    "pid": 25936,
    "index": 24
  },
  {
    "name": "Require(21) node_modules/egg-view/config/config.local.js",
    "start": 1612618110318,
    "end": 1612618110318,
    "duration": 0,
    "pid": 25936,
    "index": 25
  },
  {
    "name": "Require(22) node_modules/egg/config/config.local.js",
    "start": 1612618110319,
    "end": 1612618110319,
    "duration": 0,
    "pid": 25936,
    "index": 26
  },
  {
    "name": "Require(23) config/config.local.js",
    "start": 1612618110319,
    "end": 1612618110319,
    "duration": 0,
    "pid": 25936,
    "index": 27
  },
  {
    "name": "Load extend/application.js",
    "start": 1612618110320,
    "end": 1612618110376,
    "duration": 56,
    "pid": 25936,
    "index": 28
  },
  {
    "name": "Require(24) node_modules/egg-session/app/extend/application.js",
    "start": 1612618110321,
    "end": 1612618110321,
    "duration": 0,
    "pid": 25936,
    "index": 29
  },
  {
    "name": "Require(25) node_modules/egg-security/app/extend/application.js",
    "start": 1612618110322,
    "end": 1612618110322,
    "duration": 0,
    "pid": 25936,
    "index": 30
  },
  {
    "name": "Require(26) node_modules/egg-jsonp/app/extend/application.js",
    "start": 1612618110323,
    "end": 1612618110324,
    "duration": 1,
    "pid": 25936,
    "index": 31
  },
  {
    "name": "Require(27) node_modules/egg-logrotator/app/extend/application.js",
    "start": 1612618110325,
    "end": 1612618110330,
    "duration": 5,
    "pid": 25936,
    "index": 32
  },
  {
    "name": "Require(28) node_modules/egg-view/app/extend/application.js",
    "start": 1612618110331,
    "end": 1612618110332,
    "duration": 1,
    "pid": 25936,
    "index": 33
  },
  {
    "name": "Require(29) app/extend/application.js",
    "start": 1612618110332,
    "end": 1612618110374,
    "duration": 42,
    "pid": 25936,
    "index": 34
  },
  {
    "name": "Load extend/request.js",
    "start": 1612618110376,
    "end": 1612618110384,
    "duration": 8,
    "pid": 25936,
    "index": 35
  },
  {
    "name": "Require(30) node_modules/egg/app/extend/request.js",
    "start": 1612618110379,
    "end": 1612618110380,
    "duration": 1,
    "pid": 25936,
    "index": 36
  },
  {
    "name": "Load extend/response.js",
    "start": 1612618110384,
    "end": 1612618110391,
    "duration": 7,
    "pid": 25936,
    "index": 37
  },
  {
    "name": "Require(31) node_modules/egg/app/extend/response.js",
    "start": 1612618110387,
    "end": 1612618110389,
    "duration": 2,
    "pid": 25936,
    "index": 38
  },
  {
    "name": "Load extend/context.js",
    "start": 1612618110391,
    "end": 1612618110442,
    "duration": 51,
    "pid": 25936,
    "index": 39
  },
  {
    "name": "Require(32) node_modules/egg-security/app/extend/context.js",
    "start": 1612618110392,
    "end": 1612618110402,
    "duration": 10,
    "pid": 25936,
    "index": 40
  },
  {
    "name": "Require(33) node_modules/egg-jsonp/app/extend/context.js",
    "start": 1612618110402,
    "end": 1612618110403,
    "duration": 1,
    "pid": 25936,
    "index": 41
  },
  {
    "name": "Require(34) node_modules/egg-i18n/app/extend/context.js",
    "start": 1612618110404,
    "end": 1612618110404,
    "duration": 0,
    "pid": 25936,
    "index": 42
  },
  {
    "name": "Require(35) node_modules/egg-multipart/app/extend/context.js",
    "start": 1612618110405,
    "end": 1612618110436,
    "duration": 31,
    "pid": 25936,
    "index": 43
  },
  {
    "name": "Require(36) node_modules/egg-view/app/extend/context.js",
    "start": 1612618110437,
    "end": 1612618110438,
    "duration": 1,
    "pid": 25936,
    "index": 44
  },
  {
    "name": "Require(37) node_modules/egg-mongoose/app/extend/context.js",
    "start": 1612618110438,
    "end": 1612618110438,
    "duration": 0,
    "pid": 25936,
    "index": 45
  },
  {
    "name": "Require(38) node_modules/egg-validate/app/extend/context.js",
    "start": 1612618110439,
    "end": 1612618110439,
    "duration": 0,
    "pid": 25936,
    "index": 46
  },
  {
    "name": "Require(39) node_modules/egg/app/extend/context.js",
    "start": 1612618110439,
    "end": 1612618110440,
    "duration": 1,
    "pid": 25936,
    "index": 47
  },
  {
    "name": "Load extend/helper.js",
    "start": 1612618110442,
    "end": 1612618110474,
    "duration": 32,
    "pid": 25936,
    "index": 48
  },
  {
    "name": "Require(40) node_modules/egg-security/app/extend/helper.js",
    "start": 1612618110443,
    "end": 1612618110455,
    "duration": 12,
    "pid": 25936,
    "index": 49
  },
  {
    "name": "Require(41) node_modules/egg/app/extend/helper.js",
    "start": 1612618110457,
    "end": 1612618110457,
    "duration": 0,
    "pid": 25936,
    "index": 50
  },
  {
    "name": "Require(42) app/extend/helper.js",
    "start": 1612618110457,
    "end": 1612618110471,
    "duration": 14,
    "pid": 25936,
    "index": 51
  },
  {
    "name": "Load app.js",
    "start": 1612618110474,
    "end": 1612618110499,
    "duration": 25,
    "pid": 25936,
    "index": 52
  },
  {
    "name": "Require(43) node_modules/egg-session/app.js",
    "start": 1612618110474,
    "end": 1612618110475,
    "duration": 1,
    "pid": 25936,
    "index": 53
  },
  {
    "name": "Require(44) node_modules/egg-security/app.js",
    "start": 1612618110475,
    "end": 1612618110476,
    "duration": 1,
    "pid": 25936,
    "index": 54
  },
  {
    "name": "Require(45) node_modules/egg-onerror/app.js",
    "start": 1612618110477,
    "end": 1612618110482,
    "duration": 5,
    "pid": 25936,
    "index": 55
  },
  {
    "name": "Require(46) node_modules/egg-i18n/app.js",
    "start": 1612618110482,
    "end": 1612618110490,
    "duration": 8,
    "pid": 25936,
    "index": 56
  },
  {
    "name": "Require(47) node_modules/egg-watcher/app.js",
    "start": 1612618110490,
    "end": 1612618110493,
    "duration": 3,
    "pid": 25936,
    "index": 57
  },
  {
    "name": "Require(48) node_modules/egg-schedule/app.js",
    "start": 1612618110493,
    "end": 1612618110494,
    "duration": 1,
    "pid": 25936,
    "index": 58
  },
  {
    "name": "Require(49) node_modules/egg-multipart/app.js",
    "start": 1612618110495,
    "end": 1612618110495,
    "duration": 0,
    "pid": 25936,
    "index": 59
  },
  {
    "name": "Require(50) node_modules/egg-development/app.js",
    "start": 1612618110495,
    "end": 1612618110495,
    "duration": 0,
    "pid": 25936,
    "index": 60
  },
  {
    "name": "Require(51) node_modules/egg-logrotator/app.js",
    "start": 1612618110496,
    "end": 1612618110496,
    "duration": 0,
    "pid": 25936,
    "index": 61
  },
  {
    "name": "Require(52) node_modules/egg-static/app.js",
    "start": 1612618110496,
    "end": 1612618110496,
    "duration": 0,
    "pid": 25936,
    "index": 62
  },
  {
    "name": "Require(53) node_modules/egg-mongoose/app.js",
    "start": 1612618110497,
    "end": 1612618110497,
    "duration": 0,
    "pid": 25936,
    "index": 63
  },
  {
    "name": "Require(54) node_modules/egg-validate/app.js",
    "start": 1612618110497,
    "end": 1612618110498,
    "duration": 1,
    "pid": 25936,
    "index": 64
  },
  {
    "name": "Require(55) node_modules/egg-cors/app.js",
    "start": 1612618110499,
    "end": 1612618110499,
    "duration": 0,
    "pid": 25936,
    "index": 65
  },
  {
    "name": "Before Start in node_modules/egg-watcher/lib/init.js:15:14",
    "start": 1612618110508,
    "end": 1612618110981,
    "duration": 473,
    "pid": 25936,
    "index": 66
  },
  {
    "name": "Before Start in node_modules/egg-mongoose/lib/mongoose.js:104:7",
    "start": 1612618110831,
    "end": 1612618110980,
    "duration": 149,
    "pid": 25936,
    "index": 67
  },
  {
    "name": "Before Start in node_modules/egg-mongoose/lib/mongoose.js:52:9",
    "start": 1612618110831,
    "end": 1612618110967,
    "duration": 136,
    "pid": 25936,
    "index": 68
  },
  {
    "name": "Load Service",
    "start": 1612618110831,
    "end": 1612618110859,
    "duration": 28,
    "pid": 25936,
    "index": 69
  },
  {
    "name": "Load \"service\" to Context",
    "start": 1612618110831,
    "end": 1612618110859,
    "duration": 28,
    "pid": 25936,
    "index": 70
  },
  {
    "name": "Load Middleware",
    "start": 1612618110859,
    "end": 1612618110937,
    "duration": 78,
    "pid": 25936,
    "index": 71
  },
  {
    "name": "Load \"middlewares\" to Application",
    "start": 1612618110859,
    "end": 1612618110928,
    "duration": 69,
    "pid": 25936,
    "index": 72
  },
  {
    "name": "Load Controller",
    "start": 1612618110938,
    "end": 1612618110941,
    "duration": 3,
    "pid": 25936,
    "index": 73
  },
  {
    "name": "Load \"controller\" to Application",
    "start": 1612618110938,
    "end": 1612618110941,
    "duration": 3,
    "pid": 25936,
    "index": 74
  },
  {
    "name": "Load Router",
    "start": 1612618110941,
    "end": 1612618110944,
    "duration": 3,
    "pid": 25936,
    "index": 75
  },
  {
    "name": "Require(56) app/router.js",
    "start": 1612618110941,
    "end": 1612618110942,
    "duration": 1,
    "pid": 25936,
    "index": 76
  },
  {
    "name": "Before Start in node_modules/egg-core/lib/egg.js:303:10",
    "start": 1612618110942,
    "end": 1612618110967,
    "duration": 25,
    "pid": 25936,
    "index": 77
  },
  {
    "name": "Load \"model\" to Application",
    "start": 1612618110951,
    "end": 1612618110966,
    "duration": 15,
    "pid": 25936,
    "index": 78
  }
]