[
  {
    "name": "Process Start",
    "start": 1612619337588,
    "end": 1612619338349,
    "duration": 761,
    "pid": 25588,
    "index": 0
  },
  {
    "name": "Application Start",
    "start": 1612619338350,
    "end": 1612619339092,
    "duration": 742,
    "pid": 25588,
    "index": 1
  },
  {
    "name": "Load Plugin",
    "start": 1612619338354,
    "end": 1612619338371,
    "duration": 17,
    "pid": 25588,
    "index": 2
  },
  {
    "name": "Load Config",
    "start": 1612619338371,
    "end": 1612619338391,
    "duration": 20,
    "pid": 25588,
    "index": 3
  },
  {
    "name": "Require(0) config/config.default.js",
    "start": 1612619338371,
    "end": 1612619338372,
    "duration": 1,
    "pid": 25588,
    "index": 4
  },
  {
    "name": "Require(1) config/config.local.js",
    "start": 1612619338373,
    "end": 1612619338373,
    "duration": 0,
    "pid": 25588,
    "index": 5
  },
  {
    "name": "Require(2) node_modules/egg-session/config/config.default.js",
    "start": 1612619338374,
    "end": 1612619338374,
    "duration": 0,
    "pid": 25588,
    "index": 6
  },
  {
    "name": "Require(3) node_modules/egg-security/config/config.default.js",
    "start": 1612619338375,
    "end": 1612619338375,
    "duration": 0,
    "pid": 25588,
    "index": 7
  },
  {
    "name": "Require(4) node_modules/egg-jsonp/config/config.default.js",
    "start": 1612619338376,
    "end": 1612619338376,
    "duration": 0,
    "pid": 25588,
    "index": 8
  },
  {
    "name": "Require(5) node_modules/egg-onerror/config/config.default.js",
    "start": 1612619338376,
    "end": 1612619338377,
    "duration": 1,
    "pid": 25588,
    "index": 9
  },
  {
    "name": "Require(6) node_modules/egg-i18n/config/config.default.js",
    "start": 1612619338377,
    "end": 1612619338377,
    "duration": 0,
    "pid": 25588,
    "index": 10
  },
  {
    "name": "Require(7) node_modules/egg-watcher/config/config.default.js",
    "start": 1612619338378,
    "end": 1612619338378,
    "duration": 0,
    "pid": 25588,
    "index": 11
  },
  {
    "name": "Require(8) node_modules/egg-schedule/config/config.default.js",
    "start": 1612619338379,
    "end": 1612619338379,
    "duration": 0,
    "pid": 25588,
    "index": 12
  },
  {
    "name": "Require(9) node_modules/egg-multipart/config/config.default.js",
    "start": 1612619338380,
    "end": 1612619338380,
    "duration": 0,
    "pid": 25588,
    "index": 13
  },
  {
    "name": "Require(10) node_modules/egg-development/config/config.default.js",
    "start": 1612619338381,
    "end": 1612619338381,
    "duration": 0,
    "pid": 25588,
    "index": 14
  },
  {
    "name": "Require(11) node_modules/egg-logrotator/config/config.default.js",
    "start": 1612619338381,
    "end": 1612619338382,
    "duration": 1,
    "pid": 25588,
    "index": 15
  },
  {
    "name": "Require(12) node_modules/egg-static/config/config.default.js",
    "start": 1612619338382,
    "end": 1612619338382,
    "duration": 0,
    "pid": 25588,
    "index": 16
  },
  {
    "name": "Require(13) node_modules/egg-view/config/config.default.js",
    "start": 1612619338383,
    "end": 1612619338383,
    "duration": 0,
    "pid": 25588,
    "index": 17
  },
  {
    "name": "Require(14) node_modules/egg-mongoose/config/config.default.js",
    "start": 1612619338384,
    "end": 1612619338384,
    "duration": 0,
    "pid": 25588,
    "index": 18
  },
  {
    "name": "Require(15) node_modules/egg-validate/config/config.default.js",
    "start": 1612619338384,
    "end": 1612619338385,
    "duration": 1,
    "pid": 25588,
    "index": 19
  },
  {
    "name": "Require(16) node_modules/egg-cors/config/config.default.js",
    "start": 1612619338385,
    "end": 1612619338385,
    "duration": 0,
    "pid": 25588,
    "index": 20
  },
  {
    "name": "Require(17) node_modules/egg/config/config.default.js",
    "start": 1612619338386,
    "end": 1612619338386,
    "duration": 0,
    "pid": 25588,
    "index": 21
  },
  {
    "name": "Require(18) config/config.default.js",
    "start": 1612619338387,
    "end": 1612619338387,
    "duration": 0,
    "pid": 25588,
    "index": 22
  },
  {
    "name": "Require(19) node_modules/egg-security/config/config.local.js",
    "start": 1612619338388,
    "end": 1612619338388,
    "duration": 0,
    "pid": 25588,
    "index": 23
  },
  {
    "name": "Require(20) node_modules/egg-watcher/config/config.local.js",
    "start": 1612619338389,
    "end": 1612619338389,
    "duration": 0,
    "pid": 25588,
    "index": 24
  },
  {
    "name": "Require(21) node_modules/egg-view/config/config.local.js",
    "start": 1612619338390,
    "end": 1612619338390,
    "duration": 0,
    "pid": 25588,
    "index": 25
  },
  {
    "name": "Require(22) node_modules/egg/config/config.local.js",
    "start": 1612619338391,
    "end": 1612619338391,
    "duration": 0,
    "pid": 25588,
    "index": 26
  },
  {
    "name": "Require(23) config/config.local.js",
    "start": 1612619338391,
    "end": 1612619338391,
    "duration": 0,
    "pid": 25588,
    "index": 27
  },
  {
    "name": "Load extend/application.js",
    "start": 1612619338392,
    "end": 1612619338448,
    "duration": 56,
    "pid": 25588,
    "index": 28
  },
  {
    "name": "Require(24) node_modules/egg-session/app/extend/application.js",
    "start": 1612619338393,
    "end": 1612619338393,
    "duration": 0,
    "pid": 25588,
    "index": 29
  },
  {
    "name": "Require(25) node_modules/egg-security/app/extend/application.js",
    "start": 1612619338393,
    "end": 1612619338394,
    "duration": 1,
    "pid": 25588,
    "index": 30
  },
  {
    "name": "Require(26) node_modules/egg-jsonp/app/extend/application.js",
    "start": 1612619338394,
    "end": 1612619338395,
    "duration": 1,
    "pid": 25588,
    "index": 31
  },
  {
    "name": "Require(27) node_modules/egg-logrotator/app/extend/application.js",
    "start": 1612619338397,
    "end": 1612619338402,
    "duration": 5,
    "pid": 25588,
    "index": 32
  },
  {
    "name": "Require(28) node_modules/egg-view/app/extend/application.js",
    "start": 1612619338403,
    "end": 1612619338404,
    "duration": 1,
    "pid": 25588,
    "index": 33
  },
  {
    "name": "Require(29) app/extend/application.js",
    "start": 1612619338404,
    "end": 1612619338446,
    "duration": 42,
    "pid": 25588,
    "index": 34
  },
  {
    "name": "Load extend/request.js",
    "start": 1612619338449,
    "end": 1612619338455,
    "duration": 6,
    "pid": 25588,
    "index": 35
  },
  {
    "name": "Require(30) node_modules/egg/app/extend/request.js",
    "start": 1612619338451,
    "end": 1612619338452,
    "duration": 1,
    "pid": 25588,
    "index": 36
  },
  {
    "name": "Load extend/response.js",
    "start": 1612619338455,
    "end": 1612619338463,
    "duration": 8,
    "pid": 25588,
    "index": 37
  },
  {
    "name": "Require(31) node_modules/egg/app/extend/response.js",
    "start": 1612619338457,
    "end": 1612619338459,
    "duration": 2,
    "pid": 25588,
    "index": 38
  },
  {
    "name": "Load extend/context.js",
    "start": 1612619338463,
    "end": 1612619338513,
    "duration": 50,
    "pid": 25588,
    "index": 39
  },
  {
    "name": "Require(32) node_modules/egg-security/app/extend/context.js",
    "start": 1612619338463,
    "end": 1612619338474,
    "duration": 11,
    "pid": 25588,
    "index": 40
  },
  {
    "name": "Require(33) node_modules/egg-jsonp/app/extend/context.js",
    "start": 1612619338474,
    "end": 1612619338475,
    "duration": 1,
    "pid": 25588,
    "index": 41
  },
  {
    "name": "Require(34) node_modules/egg-i18n/app/extend/context.js",
    "start": 1612619338475,
    "end": 1612619338475,
    "duration": 0,
    "pid": 25588,
    "index": 42
  },
  {
    "name": "Require(35) node_modules/egg-multipart/app/extend/context.js",
    "start": 1612619338476,
    "end": 1612619338507,
    "duration": 31,
    "pid": 25588,
    "index": 43
  },
  {
    "name": "Require(36) node_modules/egg-view/app/extend/context.js",
    "start": 1612619338508,
    "end": 1612619338508,
    "duration": 0,
    "pid": 25588,
    "index": 44
  },
  {
    "name": "Require(37) node_modules/egg-mongoose/app/extend/context.js",
    "start": 1612619338509,
    "end": 1612619338509,
    "duration": 0,
    "pid": 25588,
    "index": 45
  },
  {
    "name": "Require(38) node_modules/egg-validate/app/extend/context.js",
    "start": 1612619338509,
    "end": 1612619338509,
    "duration": 0,
    "pid": 25588,
    "index": 46
  },
  {
    "name": "Require(39) node_modules/egg/app/extend/context.js",
    "start": 1612619338510,
    "end": 1612619338510,
    "duration": 0,
    "pid": 25588,
    "index": 47
  },
  {
    "name": "Load extend/helper.js",
    "start": 1612619338513,
    "end": 1612619338544,
    "duration": 31,
    "pid": 25588,
    "index": 48
  },
  {
    "name": "Require(40) node_modules/egg-security/app/extend/helper.js",
    "start": 1612619338514,
    "end": 1612619338527,
    "duration": 13,
    "pid": 25588,
    "index": 49
  },
  {
    "name": "Require(41) node_modules/egg/app/extend/helper.js",
    "start": 1612619338529,
    "end": 1612619338530,
    "duration": 1,
    "pid": 25588,
    "index": 50
  },
  {
    "name": "Require(42) app/extend/helper.js",
    "start": 1612619338530,
    "end": 1612619338542,
    "duration": 12,
    "pid": 25588,
    "index": 51
  },
  {
    "name": "Load app.js",
    "start": 1612619338545,
    "end": 1612619338569,
    "duration": 24,
    "pid": 25588,
    "index": 52
  },
  {
    "name": "Require(43) node_modules/egg-session/app.js",
    "start": 1612619338545,
    "end": 1612619338545,
    "duration": 0,
    "pid": 25588,
    "index": 53
  },
  {
    "name": "Require(44) node_modules/egg-security/app.js",
    "start": 1612619338546,
    "end": 1612619338547,
    "duration": 1,
    "pid": 25588,
    "index": 54
  },
  {
    "name": "Require(45) node_modules/egg-onerror/app.js",
    "start": 1612619338547,
    "end": 1612619338552,
    "duration": 5,
    "pid": 25588,
    "index": 55
  },
  {
    "name": "Require(46) node_modules/egg-i18n/app.js",
    "start": 1612619338553,
    "end": 1612619338560,
    "duration": 7,
    "pid": 25588,
    "index": 56
  },
  {
    "name": "Require(47) node_modules/egg-watcher/app.js",
    "start": 1612619338560,
    "end": 1612619338562,
    "duration": 2,
    "pid": 25588,
    "index": 57
  },
  {
    "name": "Require(48) node_modules/egg-schedule/app.js",
    "start": 1612619338563,
    "end": 1612619338564,
    "duration": 1,
    "pid": 25588,
    "index": 58
  },
  {
    "name": "Require(49) node_modules/egg-multipart/app.js",
    "start": 1612619338564,
    "end": 1612619338564,
    "duration": 0,
    "pid": 25588,
    "index": 59
  },
  {
    "name": "Require(50) node_modules/egg-development/app.js",
    "start": 1612619338565,
    "end": 1612619338565,
    "duration": 0,
    "pid": 25588,
    "index": 60
  },
  {
    "name": "Require(51) node_modules/egg-logrotator/app.js",
    "start": 1612619338565,
    "end": 1612619338565,
    "duration": 0,
    "pid": 25588,
    "index": 61
  },
  {
    "name": "Require(52) node_modules/egg-static/app.js",
    "start": 1612619338566,
    "end": 1612619338566,
    "duration": 0,
    "pid": 25588,
    "index": 62
  },
  {
    "name": "Require(53) node_modules/egg-mongoose/app.js",
    "start": 1612619338566,
    "end": 1612619338566,
    "duration": 0,
    "pid": 25588,
    "index": 63
  },
  {
    "name": "Require(54) node_modules/egg-validate/app.js",
    "start": 1612619338567,
    "end": 1612619338568,
    "duration": 1,
    "pid": 25588,
    "index": 64
  },
  {
    "name": "Require(55) node_modules/egg-cors/app.js",
    "start": 1612619338568,
    "end": 1612619338568,
    "duration": 0,
    "pid": 25588,
    "index": 65
  },
  {
    "name": "Before Start in node_modules/egg-watcher/lib/init.js:15:14",
    "start": 1612619338577,
    "end": 1612619339091,
    "duration": 514,
    "pid": 25588,
    "index": 66
  },
  {
    "name": "Before Start in node_modules/egg-mongoose/lib/mongoose.js:104:7",
    "start": 1612619338945,
    "end": 1612619339090,
    "duration": 145,
    "pid": 25588,
    "index": 67
  },
  {
    "name": "Before Start in node_modules/egg-mongoose/lib/mongoose.js:52:9",
    "start": 1612619338945,
    "end": 1612619339076,
    "duration": 131,
    "pid": 25588,
    "index": 68
  },
  {
    "name": "Load Service",
    "start": 1612619338945,
    "end": 1612619338971,
    "duration": 26,
    "pid": 25588,
    "index": 69
  },
  {
    "name": "Load \"service\" to Context",
    "start": 1612619338945,
    "end": 1612619338971,
    "duration": 26,
    "pid": 25588,
    "index": 70
  },
  {
    "name": "Load Middleware",
    "start": 1612619338971,
    "end": 1612619339047,
    "duration": 76,
    "pid": 25588,
    "index": 71
  },
  {
    "name": "Load \"middlewares\" to Application",
    "start": 1612619338971,
    "end": 1612619339039,
    "duration": 68,
    "pid": 25588,
    "index": 72
  },
  {
    "name": "Load Controller",
    "start": 1612619339047,
    "end": 1612619339051,
    "duration": 4,
    "pid": 25588,
    "index": 73
  },
  {
    "name": "Load \"controller\" to Application",
    "start": 1612619339047,
    "end": 1612619339051,
    "duration": 4,
    "pid": 25588,
    "index": 74
  },
  {
    "name": "Load Router",
    "start": 1612619339051,
    "end": 1612619339053,
    "duration": 2,
    "pid": 25588,
    "index": 75
  },
  {
    "name": "Require(56) app/router.js",
    "start": 1612619339051,
    "end": 1612619339051,
    "duration": 0,
    "pid": 25588,
    "index": 76
  },
  {
    "name": "Before Start in node_modules/egg-core/lib/egg.js:303:10",
    "start": 1612619339051,
    "end": 1612619339076,
    "duration": 25,
    "pid": 25588,
    "index": 77
  },
  {
    "name": "Load \"model\" to Application",
    "start": 1612619339060,
    "end": 1612619339076,
    "duration": 16,
    "pid": 25588,
    "index": 78
  }
]