[
  {
    "name": "Process Start",
    "start": 1612618420863,
    "end": 1612618421622,
    "duration": 759,
    "pid": 952,
    "index": 0
  },
  {
    "name": "Application Start",
    "start": 1612618421623,
    "end": 1612618422322,
    "duration": 699,
    "pid": 952,
    "index": 1
  },
  {
    "name": "Load Plugin",
    "start": 1612618421627,
    "end": 1612618421643,
    "duration": 16,
    "pid": 952,
    "index": 2
  },
  {
    "name": "Load Config",
    "start": 1612618421643,
    "end": 1612618421663,
    "duration": 20,
    "pid": 952,
    "index": 3
  },
  {
    "name": "Require(0) config/config.default.js",
    "start": 1612618421644,
    "end": 1612618421644,
    "duration": 0,
    "pid": 952,
    "index": 4
  },
  {
    "name": "Require(1) config/config.local.js",
    "start": 1612618421645,
    "end": 1612618421646,
    "duration": 1,
    "pid": 952,
    "index": 5
  },
  {
    "name": "Require(2) node_modules/egg-session/config/config.default.js",
    "start": 1612618421646,
    "end": 1612618421647,
    "duration": 1,
    "pid": 952,
    "index": 6
  },
  {
    "name": "Require(3) node_modules/egg-security/config/config.default.js",
    "start": 1612618421647,
    "end": 1612618421647,
    "duration": 0,
    "pid": 952,
    "index": 7
  },
  {
    "name": "Require(4) node_modules/egg-jsonp/config/config.default.js",
    "start": 1612618421648,
    "end": 1612618421648,
    "duration": 0,
    "pid": 952,
    "index": 8
  },
  {
    "name": "Require(5) node_modules/egg-onerror/config/config.default.js",
    "start": 1612618421649,
    "end": 1612618421649,
    "duration": 0,
    "pid": 952,
    "index": 9
  },
  {
    "name": "Require(6) node_modules/egg-i18n/config/config.default.js",
    "start": 1612618421649,
    "end": 1612618421650,
    "duration": 1,
    "pid": 952,
    "index": 10
  },
  {
    "name": "Require(7) node_modules/egg-watcher/config/config.default.js",
    "start": 1612618421650,
    "end": 1612618421651,
    "duration": 1,
    "pid": 952,
    "index": 11
  },
  {
    "name": "Require(8) node_modules/egg-schedule/config/config.default.js",
    "start": 1612618421651,
    "end": 1612618421651,
    "duration": 0,
    "pid": 952,
    "index": 12
  },
  {
    "name": "Require(9) node_modules/egg-multipart/config/config.default.js",
    "start": 1612618421652,
    "end": 1612618421652,
    "duration": 0,
    "pid": 952,
    "index": 13
  },
  {
    "name": "Require(10) node_modules/egg-development/config/config.default.js",
    "start": 1612618421653,
    "end": 1612618421653,
    "duration": 0,
    "pid": 952,
    "index": 14
  },
  {
    "name": "Require(11) node_modules/egg-logrotator/config/config.default.js",
    "start": 1612618421653,
    "end": 1612618421654,
    "duration": 1,
    "pid": 952,
    "index": 15
  },
  {
    "name": "Require(12) node_modules/egg-static/config/config.default.js",
    "start": 1612618421654,
    "end": 1612618421654,
    "duration": 0,
    "pid": 952,
    "index": 16
  },
  {
    "name": "Require(13) node_modules/egg-view/config/config.default.js",
    "start": 1612618421655,
    "end": 1612618421655,
    "duration": 0,
    "pid": 952,
    "index": 17
  },
  {
    "name": "Require(14) node_modules/egg-mongoose/config/config.default.js",
    "start": 1612618421656,
    "end": 1612618421656,
    "duration": 0,
    "pid": 952,
    "index": 18
  },
  {
    "name": "Require(15) node_modules/egg-validate/config/config.default.js",
    "start": 1612618421656,
    "end": 1612618421657,
    "duration": 1,
    "pid": 952,
    "index": 19
  },
  {
    "name": "Require(16) node_modules/egg-cors/config/config.default.js",
    "start": 1612618421657,
    "end": 1612618421657,
    "duration": 0,
    "pid": 952,
    "index": 20
  },
  {
    "name": "Require(17) node_modules/egg/config/config.default.js",
    "start": 1612618421657,
    "end": 1612618421658,
    "duration": 1,
    "pid": 952,
    "index": 21
  },
  {
    "name": "Require(18) config/config.default.js",
    "start": 1612618421659,
    "end": 1612618421659,
    "duration": 0,
    "pid": 952,
    "index": 22
  },
  {
    "name": "Require(19) node_modules/egg-security/config/config.local.js",
    "start": 1612618421659,
    "end": 1612618421660,
    "duration": 1,
    "pid": 952,
    "index": 23
  },
  {
    "name": "Require(20) node_modules/egg-watcher/config/config.local.js",
    "start": 1612618421660,
    "end": 1612618421660,
    "duration": 0,
    "pid": 952,
    "index": 24
  },
  {
    "name": "Require(21) node_modules/egg-view/config/config.local.js",
    "start": 1612618421662,
    "end": 1612618421662,
    "duration": 0,
    "pid": 952,
    "index": 25
  },
  {
    "name": "Require(22) node_modules/egg/config/config.local.js",
    "start": 1612618421663,
    "end": 1612618421663,
    "duration": 0,
    "pid": 952,
    "index": 26
  },
  {
    "name": "Require(23) config/config.local.js",
    "start": 1612618421663,
    "end": 1612618421663,
    "duration": 0,
    "pid": 952,
    "index": 27
  },
  {
    "name": "Load extend/application.js",
    "start": 1612618421664,
    "end": 1612618421720,
    "duration": 56,
    "pid": 952,
    "index": 28
  },
  {
    "name": "Require(24) node_modules/egg-session/app/extend/application.js",
    "start": 1612618421664,
    "end": 1612618421665,
    "duration": 1,
    "pid": 952,
    "index": 29
  },
  {
    "name": "Require(25) node_modules/egg-security/app/extend/application.js",
    "start": 1612618421665,
    "end": 1612618421666,
    "duration": 1,
    "pid": 952,
    "index": 30
  },
  {
    "name": "Require(26) node_modules/egg-jsonp/app/extend/application.js",
    "start": 1612618421666,
    "end": 1612618421667,
    "duration": 1,
    "pid": 952,
    "index": 31
  },
  {
    "name": "Require(27) node_modules/egg-logrotator/app/extend/application.js",
    "start": 1612618421668,
    "end": 1612618421674,
    "duration": 6,
    "pid": 952,
    "index": 32
  },
  {
    "name": "Require(28) node_modules/egg-view/app/extend/application.js",
    "start": 1612618421674,
    "end": 1612618421675,
    "duration": 1,
    "pid": 952,
    "index": 33
  },
  {
    "name": "Require(29) app/extend/application.js",
    "start": 1612618421676,
    "end": 1612618421717,
    "duration": 41,
    "pid": 952,
    "index": 34
  },
  {
    "name": "Load extend/request.js",
    "start": 1612618421720,
    "end": 1612618421726,
    "duration": 6,
    "pid": 952,
    "index": 35
  },
  {
    "name": "Require(30) node_modules/egg/app/extend/request.js",
    "start": 1612618421722,
    "end": 1612618421723,
    "duration": 1,
    "pid": 952,
    "index": 36
  },
  {
    "name": "Load extend/response.js",
    "start": 1612618421726,
    "end": 1612618421732,
    "duration": 6,
    "pid": 952,
    "index": 37
  },
  {
    "name": "Require(31) node_modules/egg/app/extend/response.js",
    "start": 1612618421728,
    "end": 1612618421730,
    "duration": 2,
    "pid": 952,
    "index": 38
  },
  {
    "name": "Load extend/context.js",
    "start": 1612618421732,
    "end": 1612618421783,
    "duration": 51,
    "pid": 952,
    "index": 39
  },
  {
    "name": "Require(32) node_modules/egg-security/app/extend/context.js",
    "start": 1612618421733,
    "end": 1612618421744,
    "duration": 11,
    "pid": 952,
    "index": 40
  },
  {
    "name": "Require(33) node_modules/egg-jsonp/app/extend/context.js",
    "start": 1612618421744,
    "end": 1612618421745,
    "duration": 1,
    "pid": 952,
    "index": 41
  },
  {
    "name": "Require(34) node_modules/egg-i18n/app/extend/context.js",
    "start": 1612618421746,
    "end": 1612618421746,
    "duration": 0,
    "pid": 952,
    "index": 42
  },
  {
    "name": "Require(35) node_modules/egg-multipart/app/extend/context.js",
    "start": 1612618421746,
    "end": 1612618421777,
    "duration": 31,
    "pid": 952,
    "index": 43
  },
  {
    "name": "Require(36) node_modules/egg-view/app/extend/context.js",
    "start": 1612618421778,
    "end": 1612618421779,
    "duration": 1,
    "pid": 952,
    "index": 44
  },
  {
    "name": "Require(37) node_modules/egg-mongoose/app/extend/context.js",
    "start": 1612618421779,
    "end": 1612618421779,
    "duration": 0,
    "pid": 952,
    "index": 45
  },
  {
    "name": "Require(38) node_modules/egg-validate/app/extend/context.js",
    "start": 1612618421780,
    "end": 1612618421780,
    "duration": 0,
    "pid": 952,
    "index": 46
  },
  {
    "name": "Require(39) node_modules/egg/app/extend/context.js",
    "start": 1612618421780,
    "end": 1612618421781,
    "duration": 1,
    "pid": 952,
    "index": 47
  },
  {
    "name": "Load extend/helper.js",
    "start": 1612618421784,
    "end": 1612618421814,
    "duration": 30,
    "pid": 952,
    "index": 48
  },
  {
    "name": "Require(40) node_modules/egg-security/app/extend/helper.js",
    "start": 1612618421784,
    "end": 1612618421796,
    "duration": 12,
    "pid": 952,
    "index": 49
  },
  {
    "name": "Require(41) node_modules/egg/app/extend/helper.js",
    "start": 1612618421798,
    "end": 1612618421798,
    "duration": 0,
    "pid": 952,
    "index": 50
  },
  {
    "name": "Require(42) app/extend/helper.js",
    "start": 1612618421798,
    "end": 1612618421812,
    "duration": 14,
    "pid": 952,
    "index": 51
  },
  {
    "name": "Load app.js",
    "start": 1612618421815,
    "end": 1612618421840,
    "duration": 25,
    "pid": 952,
    "index": 52
  },
  {
    "name": "Require(43) node_modules/egg-session/app.js",
    "start": 1612618421815,
    "end": 1612618421815,
    "duration": 0,
    "pid": 952,
    "index": 53
  },
  {
    "name": "Require(44) node_modules/egg-security/app.js",
    "start": 1612618421815,
    "end": 1612618421816,
    "duration": 1,
    "pid": 952,
    "index": 54
  },
  {
    "name": "Require(45) node_modules/egg-onerror/app.js",
    "start": 1612618421817,
    "end": 1612618421822,
    "duration": 5,
    "pid": 952,
    "index": 55
  },
  {
    "name": "Require(46) node_modules/egg-i18n/app.js",
    "start": 1612618421823,
    "end": 1612618421831,
    "duration": 8,
    "pid": 952,
    "index": 56
  },
  {
    "name": "Require(47) node_modules/egg-watcher/app.js",
    "start": 1612618421831,
    "end": 1612618421833,
    "duration": 2,
    "pid": 952,
    "index": 57
  },
  {
    "name": "Require(48) node_modules/egg-schedule/app.js",
    "start": 1612618421833,
    "end": 1612618421834,
    "duration": 1,
    "pid": 952,
    "index": 58
  },
  {
    "name": "Require(49) node_modules/egg-multipart/app.js",
    "start": 1612618421835,
    "end": 1612618421835,
    "duration": 0,
    "pid": 952,
    "index": 59
  },
  {
    "name": "Require(50) node_modules/egg-development/app.js",
    "start": 1612618421835,
    "end": 1612618421836,
    "duration": 1,
    "pid": 952,
    "index": 60
  },
  {
    "name": "Require(51) node_modules/egg-logrotator/app.js",
    "start": 1612618421836,
    "end": 1612618421836,
    "duration": 0,
    "pid": 952,
    "index": 61
  },
  {
    "name": "Require(52) node_modules/egg-static/app.js",
    "start": 1612618421836,
    "end": 1612618421836,
    "duration": 0,
    "pid": 952,
    "index": 62
  },
  {
    "name": "Require(53) node_modules/egg-mongoose/app.js",
    "start": 1612618421837,
    "end": 1612618421837,
    "duration": 0,
    "pid": 952,
    "index": 63
  },
  {
    "name": "Require(54) node_modules/egg-validate/app.js",
    "start": 1612618421837,
    "end": 1612618421839,
    "duration": 2,
    "pid": 952,
    "index": 64
  },
  {
    "name": "Require(55) node_modules/egg-cors/app.js",
    "start": 1612618421839,
    "end": 1612618421839,
    "duration": 0,
    "pid": 952,
    "index": 65
  },
  {
    "name": "Before Start in node_modules/egg-watcher/lib/init.js:15:14",
    "start": 1612618421848,
    "end": 1612618422322,
    "duration": 474,
    "pid": 952,
    "index": 66
  },
  {
    "name": "Before Start in node_modules/egg-mongoose/lib/mongoose.js:104:7",
    "start": 1612618422175,
    "end": 1612618422320,
    "duration": 145,
    "pid": 952,
    "index": 67
  },
  {
    "name": "Before Start in node_modules/egg-mongoose/lib/mongoose.js:52:9",
    "start": 1612618422175,
    "end": 1612618422308,
    "duration": 133,
    "pid": 952,
    "index": 68
  },
  {
    "name": "Load Service",
    "start": 1612618422175,
    "end": 1612618422203,
    "duration": 28,
    "pid": 952,
    "index": 69
  },
  {
    "name": "Load \"service\" to Context",
    "start": 1612618422176,
    "end": 1612618422203,
    "duration": 27,
    "pid": 952,
    "index": 70
  },
  {
    "name": "Load Middleware",
    "start": 1612618422204,
    "end": 1612618422279,
    "duration": 75,
    "pid": 952,
    "index": 71
  },
  {
    "name": "Load \"middlewares\" to Application",
    "start": 1612618422204,
    "end": 1612618422271,
    "duration": 67,
    "pid": 952,
    "index": 72
  },
  {
    "name": "Load Controller",
    "start": 1612618422279,
    "end": 1612618422282,
    "duration": 3,
    "pid": 952,
    "index": 73
  },
  {
    "name": "Load \"controller\" to Application",
    "start": 1612618422279,
    "end": 1612618422282,
    "duration": 3,
    "pid": 952,
    "index": 74
  },
  {
    "name": "Load Router",
    "start": 1612618422282,
    "end": 1612618422285,
    "duration": 3,
    "pid": 952,
    "index": 75
  },
  {
    "name": "Require(56) app/router.js",
    "start": 1612618422282,
    "end": 1612618422283,
    "duration": 1,
    "pid": 952,
    "index": 76
  },
  {
    "name": "Before Start in node_modules/egg-core/lib/egg.js:303:10",
    "start": 1612618422283,
    "end": 1612618422308,
    "duration": 25,
    "pid": 952,
    "index": 77
  },
  {
    "name": "Load \"model\" to Application",
    "start": 1612618422291,
    "end": 1612618422307,
    "duration": 16,
    "pid": 952,
    "index": 78
  }
]