[
  {
    "name": "Process Start",
    "start": 1612618250228,
    "end": 1612618250997,
    "duration": 769,
    "pid": 22464,
    "index": 0
  },
  {
    "name": "Application Start",
    "start": 1612618250998,
    "end": 1612618251695,
    "duration": 697,
    "pid": 22464,
    "index": 1
  },
  {
    "name": "Load Plugin",
    "start": 1612618251002,
    "end": 1612618251018,
    "duration": 16,
    "pid": 22464,
    "index": 2
  },
  {
    "name": "Load Config",
    "start": 1612618251019,
    "end": 1612618251038,
    "duration": 19,
    "pid": 22464,
    "index": 3
  },
  {
    "name": "Require(0) config/config.default.js",
    "start": 1612618251019,
    "end": 1612618251019,
    "duration": 0,
    "pid": 22464,
    "index": 4
  },
  {
    "name": "Require(1) config/config.local.js",
    "start": 1612618251020,
    "end": 1612618251021,
    "duration": 1,
    "pid": 22464,
    "index": 5
  },
  {
    "name": "Require(2) node_modules/egg-session/config/config.default.js",
    "start": 1612618251021,
    "end": 1612618251022,
    "duration": 1,
    "pid": 22464,
    "index": 6
  },
  {
    "name": "Require(3) node_modules/egg-security/config/config.default.js",
    "start": 1612618251022,
    "end": 1612618251022,
    "duration": 0,
    "pid": 22464,
    "index": 7
  },
  {
    "name": "Require(4) node_modules/egg-jsonp/config/config.default.js",
    "start": 1612618251023,
    "end": 1612618251023,
    "duration": 0,
    "pid": 22464,
    "index": 8
  },
  {
    "name": "Require(5) node_modules/egg-onerror/config/config.default.js",
    "start": 1612618251024,
    "end": 1612618251024,
    "duration": 0,
    "pid": 22464,
    "index": 9
  },
  {
    "name": "Require(6) node_modules/egg-i18n/config/config.default.js",
    "start": 1612618251024,
    "end": 1612618251025,
    "duration": 1,
    "pid": 22464,
    "index": 10
  },
  {
    "name": "Require(7) node_modules/egg-watcher/config/config.default.js",
    "start": 1612618251025,
    "end": 1612618251026,
    "duration": 1,
    "pid": 22464,
    "index": 11
  },
  {
    "name": "Require(8) node_modules/egg-schedule/config/config.default.js",
    "start": 1612618251026,
    "end": 1612618251026,
    "duration": 0,
    "pid": 22464,
    "index": 12
  },
  {
    "name": "Require(9) node_modules/egg-multipart/config/config.default.js",
    "start": 1612618251027,
    "end": 1612618251027,
    "duration": 0,
    "pid": 22464,
    "index": 13
  },
  {
    "name": "Require(10) node_modules/egg-development/config/config.default.js",
    "start": 1612618251028,
    "end": 1612618251028,
    "duration": 0,
    "pid": 22464,
    "index": 14
  },
  {
    "name": "Require(11) node_modules/egg-logrotator/config/config.default.js",
    "start": 1612618251028,
    "end": 1612618251029,
    "duration": 1,
    "pid": 22464,
    "index": 15
  },
  {
    "name": "Require(12) node_modules/egg-static/config/config.default.js",
    "start": 1612618251029,
    "end": 1612618251029,
    "duration": 0,
    "pid": 22464,
    "index": 16
  },
  {
    "name": "Require(13) node_modules/egg-view/config/config.default.js",
    "start": 1612618251030,
    "end": 1612618251030,
    "duration": 0,
    "pid": 22464,
    "index": 17
  },
  {
    "name": "Require(14) node_modules/egg-mongoose/config/config.default.js",
    "start": 1612618251031,
    "end": 1612618251031,
    "duration": 0,
    "pid": 22464,
    "index": 18
  },
  {
    "name": "Require(15) node_modules/egg-validate/config/config.default.js",
    "start": 1612618251031,
    "end": 1612618251032,
    "duration": 1,
    "pid": 22464,
    "index": 19
  },
  {
    "name": "Require(16) node_modules/egg-cors/config/config.default.js",
    "start": 1612618251032,
    "end": 1612618251032,
    "duration": 0,
    "pid": 22464,
    "index": 20
  },
  {
    "name": "Require(17) node_modules/egg/config/config.default.js",
    "start": 1612618251032,
    "end": 1612618251033,
    "duration": 1,
    "pid": 22464,
    "index": 21
  },
  {
    "name": "Require(18) config/config.default.js",
    "start": 1612618251034,
    "end": 1612618251034,
    "duration": 0,
    "pid": 22464,
    "index": 22
  },
  {
    "name": "Require(19) node_modules/egg-security/config/config.local.js",
    "start": 1612618251034,
    "end": 1612618251034,
    "duration": 0,
    "pid": 22464,
    "index": 23
  },
  {
    "name": "Require(20) node_modules/egg-watcher/config/config.local.js",
    "start": 1612618251035,
    "end": 1612618251035,
    "duration": 0,
    "pid": 22464,
    "index": 24
  },
  {
    "name": "Require(21) node_modules/egg-view/config/config.local.js",
    "start": 1612618251036,
    "end": 1612618251037,
    "duration": 1,
    "pid": 22464,
    "index": 25
  },
  {
    "name": "Require(22) node_modules/egg/config/config.local.js",
    "start": 1612618251037,
    "end": 1612618251037,
    "duration": 0,
    "pid": 22464,
    "index": 26
  },
  {
    "name": "Require(23) config/config.local.js",
    "start": 1612618251037,
    "end": 1612618251038,
    "duration": 1,
    "pid": 22464,
    "index": 27
  },
  {
    "name": "Load extend/application.js",
    "start": 1612618251038,
    "end": 1612618251094,
    "duration": 56,
    "pid": 22464,
    "index": 28
  },
  {
    "name": "Require(24) node_modules/egg-session/app/extend/application.js",
    "start": 1612618251039,
    "end": 1612618251039,
    "duration": 0,
    "pid": 22464,
    "index": 29
  },
  {
    "name": "Require(25) node_modules/egg-security/app/extend/application.js",
    "start": 1612618251040,
    "end": 1612618251041,
    "duration": 1,
    "pid": 22464,
    "index": 30
  },
  {
    "name": "Require(26) node_modules/egg-jsonp/app/extend/application.js",
    "start": 1612618251041,
    "end": 1612618251042,
    "duration": 1,
    "pid": 22464,
    "index": 31
  },
  {
    "name": "Require(27) node_modules/egg-logrotator/app/extend/application.js",
    "start": 1612618251043,
    "end": 1612618251049,
    "duration": 6,
    "pid": 22464,
    "index": 32
  },
  {
    "name": "Require(28) node_modules/egg-view/app/extend/application.js",
    "start": 1612618251049,
    "end": 1612618251050,
    "duration": 1,
    "pid": 22464,
    "index": 33
  },
  {
    "name": "Require(29) app/extend/application.js",
    "start": 1612618251051,
    "end": 1612618251092,
    "duration": 41,
    "pid": 22464,
    "index": 34
  },
  {
    "name": "Load extend/request.js",
    "start": 1612618251094,
    "end": 1612618251100,
    "duration": 6,
    "pid": 22464,
    "index": 35
  },
  {
    "name": "Require(30) node_modules/egg/app/extend/request.js",
    "start": 1612618251097,
    "end": 1612618251098,
    "duration": 1,
    "pid": 22464,
    "index": 36
  },
  {
    "name": "Load extend/response.js",
    "start": 1612618251100,
    "end": 1612618251107,
    "duration": 7,
    "pid": 22464,
    "index": 37
  },
  {
    "name": "Require(31) node_modules/egg/app/extend/response.js",
    "start": 1612618251103,
    "end": 1612618251104,
    "duration": 1,
    "pid": 22464,
    "index": 38
  },
  {
    "name": "Load extend/context.js",
    "start": 1612618251107,
    "end": 1612618251158,
    "duration": 51,
    "pid": 22464,
    "index": 39
  },
  {
    "name": "Require(32) node_modules/egg-security/app/extend/context.js",
    "start": 1612618251107,
    "end": 1612618251118,
    "duration": 11,
    "pid": 22464,
    "index": 40
  },
  {
    "name": "Require(33) node_modules/egg-jsonp/app/extend/context.js",
    "start": 1612618251118,
    "end": 1612618251119,
    "duration": 1,
    "pid": 22464,
    "index": 41
  },
  {
    "name": "Require(34) node_modules/egg-i18n/app/extend/context.js",
    "start": 1612618251120,
    "end": 1612618251120,
    "duration": 0,
    "pid": 22464,
    "index": 42
  },
  {
    "name": "Require(35) node_modules/egg-multipart/app/extend/context.js",
    "start": 1612618251121,
    "end": 1612618251152,
    "duration": 31,
    "pid": 22464,
    "index": 43
  },
  {
    "name": "Require(36) node_modules/egg-view/app/extend/context.js",
    "start": 1612618251153,
    "end": 1612618251154,
    "duration": 1,
    "pid": 22464,
    "index": 44
  },
  {
    "name": "Require(37) node_modules/egg-mongoose/app/extend/context.js",
    "start": 1612618251154,
    "end": 1612618251154,
    "duration": 0,
    "pid": 22464,
    "index": 45
  },
  {
    "name": "Require(38) node_modules/egg-validate/app/extend/context.js",
    "start": 1612618251154,
    "end": 1612618251155,
    "duration": 1,
    "pid": 22464,
    "index": 46
  },
  {
    "name": "Require(39) node_modules/egg/app/extend/context.js",
    "start": 1612618251155,
    "end": 1612618251156,
    "duration": 1,
    "pid": 22464,
    "index": 47
  },
  {
    "name": "Load extend/helper.js",
    "start": 1612618251158,
    "end": 1612618251189,
    "duration": 31,
    "pid": 22464,
    "index": 48
  },
  {
    "name": "Require(40) node_modules/egg-security/app/extend/helper.js",
    "start": 1612618251159,
    "end": 1612618251172,
    "duration": 13,
    "pid": 22464,
    "index": 49
  },
  {
    "name": "Require(41) node_modules/egg/app/extend/helper.js",
    "start": 1612618251174,
    "end": 1612618251174,
    "duration": 0,
    "pid": 22464,
    "index": 50
  },
  {
    "name": "Require(42) app/extend/helper.js",
    "start": 1612618251174,
    "end": 1612618251187,
    "duration": 13,
    "pid": 22464,
    "index": 51
  },
  {
    "name": "Load app.js",
    "start": 1612618251189,
    "end": 1612618251216,
    "duration": 27,
    "pid": 22464,
    "index": 52
  },
  {
    "name": "Require(43) node_modules/egg-session/app.js",
    "start": 1612618251190,
    "end": 1612618251190,
    "duration": 0,
    "pid": 22464,
    "index": 53
  },
  {
    "name": "Require(44) node_modules/egg-security/app.js",
    "start": 1612618251190,
    "end": 1612618251191,
    "duration": 1,
    "pid": 22464,
    "index": 54
  },
  {
    "name": "Require(45) node_modules/egg-onerror/app.js",
    "start": 1612618251192,
    "end": 1612618251197,
    "duration": 5,
    "pid": 22464,
    "index": 55
  },
  {
    "name": "Require(46) node_modules/egg-i18n/app.js",
    "start": 1612618251197,
    "end": 1612618251207,
    "duration": 10,
    "pid": 22464,
    "index": 56
  },
  {
    "name": "Require(47) node_modules/egg-watcher/app.js",
    "start": 1612618251207,
    "end": 1612618251209,
    "duration": 2,
    "pid": 22464,
    "index": 57
  },
  {
    "name": "Require(48) node_modules/egg-schedule/app.js",
    "start": 1612618251210,
    "end": 1612618251211,
    "duration": 1,
    "pid": 22464,
    "index": 58
  },
  {
    "name": "Require(49) node_modules/egg-multipart/app.js",
    "start": 1612618251211,
    "end": 1612618251211,
    "duration": 0,
    "pid": 22464,
    "index": 59
  },
  {
    "name": "Require(50) node_modules/egg-development/app.js",
    "start": 1612618251211,
    "end": 1612618251212,
    "duration": 1,
    "pid": 22464,
    "index": 60
  },
  {
    "name": "Require(51) node_modules/egg-logrotator/app.js",
    "start": 1612618251212,
    "end": 1612618251212,
    "duration": 0,
    "pid": 22464,
    "index": 61
  },
  {
    "name": "Require(52) node_modules/egg-static/app.js",
    "start": 1612618251212,
    "end": 1612618251213,
    "duration": 1,
    "pid": 22464,
    "index": 62
  },
  {
    "name": "Require(53) node_modules/egg-mongoose/app.js",
    "start": 1612618251213,
    "end": 1612618251213,
    "duration": 0,
    "pid": 22464,
    "index": 63
  },
  {
    "name": "Require(54) node_modules/egg-validate/app.js",
    "start": 1612618251214,
    "end": 1612618251215,
    "duration": 1,
    "pid": 22464,
    "index": 64
  },
  {
    "name": "Require(55) node_modules/egg-cors/app.js",
    "start": 1612618251215,
    "end": 1612618251216,
    "duration": 1,
    "pid": 22464,
    "index": 65
  },
  {
    "name": "Before Start in node_modules/egg-watcher/lib/init.js:15:14",
    "start": 1612618251224,
    "end": 1612618251695,
    "duration": 471,
    "pid": 22464,
    "index": 66
  },
  {
    "name": "Before Start in node_modules/egg-mongoose/lib/mongoose.js:104:7",
    "start": 1612618251547,
    "end": 1612618251693,
    "duration": 146,
    "pid": 22464,
    "index": 67
  },
  {
    "name": "Before Start in node_modules/egg-mongoose/lib/mongoose.js:52:9",
    "start": 1612618251547,
    "end": 1612618251680,
    "duration": 133,
    "pid": 22464,
    "index": 68
  },
  {
    "name": "Load Service",
    "start": 1612618251547,
    "end": 1612618251573,
    "duration": 26,
    "pid": 22464,
    "index": 69
  },
  {
    "name": "Load \"service\" to Context",
    "start": 1612618251547,
    "end": 1612618251573,
    "duration": 26,
    "pid": 22464,
    "index": 70
  },
  {
    "name": "Load Middleware",
    "start": 1612618251573,
    "end": 1612618251651,
    "duration": 78,
    "pid": 22464,
    "index": 71
  },
  {
    "name": "Load \"middlewares\" to Application",
    "start": 1612618251573,
    "end": 1612618251643,
    "duration": 70,
    "pid": 22464,
    "index": 72
  },
  {
    "name": "Load Controller",
    "start": 1612618251651,
    "end": 1612618251654,
    "duration": 3,
    "pid": 22464,
    "index": 73
  },
  {
    "name": "Load \"controller\" to Application",
    "start": 1612618251651,
    "end": 1612618251654,
    "duration": 3,
    "pid": 22464,
    "index": 74
  },
  {
    "name": "Load Router",
    "start": 1612618251654,
    "end": 1612618251657,
    "duration": 3,
    "pid": 22464,
    "index": 75
  },
  {
    "name": "Require(56) app/router.js",
    "start": 1612618251654,
    "end": 1612618251655,
    "duration": 1,
    "pid": 22464,
    "index": 76
  },
  {
    "name": "Before Start in node_modules/egg-core/lib/egg.js:303:10",
    "start": 1612618251655,
    "end": 1612618251680,
    "duration": 25,
    "pid": 22464,
    "index": 77
  },
  {
    "name": "Load \"model\" to Application",
    "start": 1612618251664,
    "end": 1612618251679,
    "duration": 15,
    "pid": 22464,
    "index": 78
  }
]